35236,5-10Gbps
35548,Not Disclosed
35549,1-5Gbps
11546,1-5Gbps
55293,1-5Gbps
51269,100-1000Mbps
262293,5-10Gbps
51263,1-5Gbps
132645,100-1000Mbps
25061,20-100Mbps
25068,10-20Gbps
262743,5-10Gbps
262744,100-1000Mbps
262749,100-1000Mbps
6799,200-300 Gbps
99999,50-100 Gbps
99998,10-20Gbps
30708,100-1000Mbps
25286,Not Disclosed
99993,Not Disclosed
99995,5-10Gbps
99997,100-1000Mbps
99996,0-20 Mbps
16253,100-1000Mbps
271,1-5Gbps
55832,20-100Mbps
32016,100-1000Mbps
19975,Not Disclosed
16700,1-5Gbps
34523,Not Disclosed
52461,100-1000Mbps
52465,100-1000Mbps
63028,20-50 Gbps
10704,1-5Gbps
46793,100-1000Mbps
65500,100-1000Mbps
24889,1-5Gbps
49562,10-20Gbps
26021,Not Disclosed
45447,Not Disclosed
45444,20-100Mbps
45117,Not Disclosed
41281,10-20Gbps
132646,Not Disclosed
133344,Not Disclosed
24088,10-20Gbps
22873,Not Disclosed
49300,Not Disclosed
42831,5-10Gbps
58073,300-500 Gbps
200700,20-100Mbps
38506,1-5Gbps
3512,1-5Gbps
2688,Not Disclosed
162109,Not Disclosed
2686,Not Disclosed
2687,Not Disclosed
14627,5-10Gbps
62887,100+ Gbps
30419,50-100 Gbps
13054,100-1000Mbps
132347,Not Disclosed
33854,100-1000Mbps
18705,Not Disclosed
41562,Not Disclosed
62086,100-1000Mbps
40966,Not Disclosed
29765,5-10Gbps
40850,Not Disclosed
47215,1-5Gbps
23504,Not Disclosed
39591,1-5Gbps
39598,Not Disclosed
31235,100-1000Mbps
29104,1-5Gbps
12835,100-1000Mbps
34554,100-1000Mbps
34555,20-50 Gbps
8015,Not Disclosed
8014,Not Disclosed
15280,100-1000Mbps
44935,100-1000Mbps
26627,1-5Gbps
26622,Not Disclosed
7459,100+ Gbps
10886,50-100 Gbps
10881,1-5Gbps
5524,Not Disclosed
199947,1-5Gbps
50673,200-300 Gbps
26563,1-5Gbps
24709,20-50 Gbps
61231,1-5Gbps
4739,100+ Gbps
45031,Not Disclosed
46130,Not Disclosed
13618,50-100 Gbps
4725,200-300 Gbps
4721,50-100 Gbps
11280,100-1000Mbps
15008,Not Disclosed
56824,1-5Gbps
17625,5-10Gbps
56828,1-5Gbps
3741,10-20Gbps
13536,10-20Gbps
57660,Not Disclosed
57662,100-1000Mbps
262865,1-5Gbps
43683,1-5Gbps
11758,Not Disclosed
16397,20-50 Gbps
19566,Not Disclosed
16395,100-1000Mbps
28258,1-5Gbps
20886,1-5Gbps
20880,50-100 Gbps
20738,Not Disclosed
62502,Not Disclosed
12871,Not Disclosed
13289,100-1000Mbps
25542,1-5Gbps
13287,5-10Gbps
13285,Not Disclosed
13284,100-1000Mbps
173,20-100Mbps
60011,Not Disclosed
14166,100-1000Mbps
200552,20-100Mbps
46656,1-5Gbps
46309,100-1000Mbps
45309,Not Disclosed
48559,100-1000Mbps
41357,100-1000Mbps
45300,Not Disclosed
20081,100-1000Mbps
20080,20-50 Gbps
10396,Not Disclosed
198831,20-100Mbps
16930,Not Disclosed
44654,100-1000Mbps
12220,Not Disclosed
54415,Not Disclosed
15879,10-20Gbps
15701,20-50 Gbps
15703,5-10Gbps
196640,Not Disclosed
59620,1-5Gbps
10578,Not Disclosed
9752,Not Disclosed
16509,Not Disclosed
49792,1-5Gbps
63270,500-1000 Gbps
8844,Not Disclosed
18530,1-5Gbps
58682,5-10Gbps
37168,5-10Gbps
197669,100-1000Mbps
58688,Not Disclosed
1764,100+ Gbps
29596,10-20Gbps
40220,Not Disclosed
29590,Not Disclosed
50088,20-100Mbps
24550,1-5Gbps
24554,100-1000Mbps
24557,1-5Gbps
202042,100-1000Mbps
50087,100-1000Mbps
262901,5-10Gbps
1547,Not Disclosed
262903,100-1000Mbps
262902,100-1000Mbps
28359,100-1000Mbps
14340,Not Disclosed
28352,100-1000Mbps
14477,Not Disclosed
11116,100-1000Mbps
34305,Not Disclosed
8473,100+ Gbps
8717,100+ Gbps
394356,100-1000Mbps
394354,0-20 Mbps
31576,20-100Mbps
202112,Not Disclosed
5619,100-1000Mbps
5612,100-1000Mbps
5617,Not Disclosed
5615,100-200 Gbps
132453,1-5Gbps
393513,Not Disclosed
35217,100-1000Mbps
18121,Not Disclosed
47027,Not Disclosed
23265,100-1000Mbps
23260,100-1000Mbps
25048,20-100Mbps
43858,100-1000Mbps
25041,100-1000Mbps
6779,Not Disclosed
6774,Not Disclosed
6775,20-50 Gbps
6776,100-1000Mbps
6777,Not Disclosed
6770,0-20 Mbps
6772,10-20Gbps
56109,20-100Mbps
19919,Not Disclosed
198818,0-20 Mbps
55818,50-100 Gbps
250,100-1000Mbps
251,Not Disclosed
16237,1-5Gbps
16724,5-10Gbps
131310,Not Disclosed
12033,1-5Gbps
60300,500-1000 Gbps
9503,Not Disclosed
9500,300-500 Gbps
9505,1-5Gbps
49544,100-200 Gbps
134363,100-1000Mbps
2518,200-300 Gbps
2519,Not Disclosed
43142,1-5Gbps
2514,Not Disclosed
2515,20-100Mbps
2516,Not Disclosed
2510,Not Disclosed
49895,5-10Gbps
46849,Not Disclosed
5056,Not Disclosed
5050,Not Disclosed
134090,Not Disclosed
45796,10-20Gbps
38565,1-5Gbps
36791,100-1000Mbps
53755,5-10Gbps
36824,100-1000Mbps
199364,5-10Gbps
14866,100-1000Mbps
58940,Not Disclosed
198362,20-100Mbps
18541,Not Disclosed
54998,1-5Gbps
38623,100-1000Mbps
13890,Not Disclosed
50370,Not Disclosed
133324,Not Disclosed
36171,100-1000Mbps
33529,1-5Gbps
18092,20-100Mbps
264492,100-1000Mbps
33522,100-1000Mbps
18094,1-5Gbps
38199,1-5Gbps
27552,20-50 Gbps
48052,Not Disclosed
38190,20-100Mbps
38193,Not Disclosed
38195,Not Disclosed
29298,20-100Mbps
29748,20-50 Gbps
40941,Not Disclosed
29297,Not Disclosed
47232,50-100 Gbps
23074,20-50 Gbps
59545,Not Disclosed
30295,100-1000Mbps
14746,20-100Mbps
25899,5-10Gbps
39572,500-1000 Gbps
31210,100-200 Gbps
31742,100-1000Mbps
31216,20-50 Gbps
8038,Not Disclosed
12859,1-5Gbps
8529,50-100 Gbps
12850,5-10Gbps
8527,1-5Gbps
12586,10-20Gbps
35916,20-50 Gbps
50472,100-1000Mbps
44916,20-100Mbps
44914,Not Disclosed
44919,Not Disclosed
26608,1-5Gbps
393742,100-200 Gbps
197451,1-5Gbps
22652,Not Disclosed
22653,100-1000Mbps
26546,100-1000Mbps
52836,Not Disclosed
26549,20-100Mbps
22384,Not Disclosed
32286,Not Disclosed
60924,Not Disclosed
28657,100-1000Mbps
28654,1-5Gbps
35665,100-1000Mbps
327745,Not Disclosed
35662,500-1000 Gbps
13679,100-1000Mbps
43333,Not Disclosed
19763,20-100Mbps
55644,100+ Gbps
32244,20-50 Gbps
56665,1-5Gbps
56662,0-20 Mbps
52344,100-1000Mbps
56848,Not Disclosed
17356,5-10Gbps
52342,Not Disclosed
25384,100-1000Mbps
4608,20-100Mbps
2685,Not Disclosed
25388,5-10Gbps
262464,100-1000Mbps
15434,100-1000Mbps
262468,10-20Gbps
262469,1-5Gbps
30913,0-20 Mbps
30914,1-5Gbps
64006,100-1000Mbps
52699,5-10Gbps
20718,1-5Gbps
20717,Not Disclosed
20715,Not Disclosed
6456,Not Disclosed
52697,100-1000Mbps
20712,Not Disclosed
52694,100-1000Mbps
25562,1-5Gbps
60079,1-5Gbps
49158,Not Disclosed
6181,Not Disclosed
41692,1-5Gbps
45638,Not Disclosed
54144,20-100Mbps
6805,500-1000 Gbps
45630,5-10Gbps
48200,1-5Gbps
45634,1-5Gbps
48204,0-20 Mbps
9191,100-1000Mbps
9197,Not Disclosed
9198,20-50 Gbps
16912,Not Disclosed
12200,100-200 Gbps
53563,Not Disclosed
63528,0-20 Mbps
8866,100+ Gbps
37363,100-1000Mbps
21409,1-5Gbps
14987,Not Disclosed
14989,Not Disclosed
33031,200-300 Gbps
37368,100-1000Mbps
24167,10-20Gbps
62782,Not Disclosed
819,10-20Gbps
62787,Not Disclosed
812,100+ Gbps
26838,100-1000Mbps
37187,100-1000Mbps
132869,20-100Mbps
37183,Not Disclosed
37181,0-20 Mbps
15857,10-20Gbps
41156,100-1000Mbps
41157,100-1000Mbps
263789,100-1000Mbps
31317,1-5Gbps
14325,Not Disclosed
14453,1-5Gbps
54039,20-100Mbps
33958,0-20 Mbps
37989,20-100Mbps
18020,100-1000Mbps
30600,Not Disclosed
34984,Not Disclosed
15589,5-10Gbps
8732,200-300 Gbps
31555,Not Disclosed
31554,1-5Gbps
35054,1-5Gbps
35053,Not Disclosed
18922,0-20 Mbps
8833,100-1000Mbps
35272,Not Disclosed
262259,100-1000Mbps
262254,1 Tbps+
262256,1-5Gbps
132680,Not Disclosed
8190,10-20Gbps
30972,50-100 Gbps
6432,5-10Gbps
27008,1-5Gbps
8195,1-5Gbps
48850,Not Disclosed
39386,1 Tbps+
39389,1-5Gbps
262787,100-1000Mbps
262785,1-5Gbps
262780,100-1000Mbps
26271,1-5Gbps
55785,Not Disclosed
32586,Not Disclosed
6758,Not Disclosed
6753,100-1000Mbps
35584,10-20Gbps
56478,50-100 Gbps
16217,20-100Mbps
16211,Not Disclosed
16210,100-1000Mbps
16218,100-1000Mbps
55879,100-1000Mbps
12059,5-10Gbps
237,10-20Gbps
42784,Not Disclosed
17824,100-1000Mbps
26801,10-20Gbps
27926,20-100Mbps
43833,10-20Gbps
26803,20-50 Gbps
49524,1-5Gbps
63060,1-5Gbps
26067,Not Disclosed
201214,100-1000Mbps
197413,100-1000Mbps
58032,100-1000Mbps
5078,20-50 Gbps
38544,Not Disclosed
52573,100-1000Mbps
38812,Not Disclosed
5071,Not Disclosed
38819,Not Disclosed
52579,1-5Gbps
199344,100-1000Mbps
199345,Not Disclosed
49625,100-1000Mbps
60444,20-100Mbps
9563,0-20 Mbps
10745,20-100Mbps
49621,100-1000Mbps
36805,1-5Gbps
5388,10-20Gbps
11837,20-100Mbps
33724,20-50 Gbps
33725,1-5Gbps
14840,100+ Gbps
54203,1-5Gbps
11830,10-20Gbps
62336,100-1000Mbps
13097,1-5Gbps
36119,10-20Gbps
133658,10-20Gbps
36112,100-1000Mbps
132304,100-1000Mbps
48072,Not Disclosed
20291,20-100Mbps
39636,100-1000Mbps
39637,1-5Gbps
9381,Not Disclosed
57928,Not Disclosed
198435,100-1000Mbps
198342,20-100Mbps
42979,10-20Gbps
1133,100-1000Mbps
1136,500-1000 Gbps
15133,1 Tbps+
59560,20-100Mbps
39556,1-5Gbps
37645,1-5Gbps
33891,1 Tbps+
18740,20-100Mbps
34510,1-5Gbps
12876,500-1000 Gbps
12874,500-1000 Gbps
8057,5-10Gbps
394418,0-20 Mbps
8055,1-5Gbps
394414,100-1000Mbps
394144,Not Disclosed
50324,1-5Gbps
50321,100-1000Mbps
26667,50-100 Gbps
24290,100-1000Mbps
22637,Not Disclosed
1280,Not Disclosed
200851,1-5Gbps
25560,1-5Gbps
4761,10-20Gbps
4760,500-1000 Gbps
43317,10-20Gbps
4764,1-5Gbps
4766,1 Tbps+
4769,Not Disclosed
26292,Not Disclosed
11242,1-5Gbps
19039,Not Disclosed
19740,1-5Gbps
60277,Not Disclosed
34372,100-1000Mbps
52361,Not Disclosed
17374,100-1000Mbps
25369,10-20Gbps
262441,100-1000Mbps
11799,Not Disclosed
11798,50-100 Gbps
262444,100-1000Mbps
262446,1-5Gbps
11796,20-50 Gbps
16186,1-5Gbps
20849,Not Disclosed
133480,100-1000Mbps
20847,1-5Gbps
20845,5-10Gbps
25501,Not Disclosed
25504,Not Disclosed
16685,Not Disclosed
54527,1-5Gbps
53099,Not Disclosed
9177,0-20 Mbps
53093,1-5Gbps
53095,20-100Mbps
61902,100-1000Mbps
17088,Not Disclosed
13226,1-5Gbps
53237,10-20Gbps
53235,100-1000Mbps
53230,1-5Gbps
53238,1-5Gbps
8545,300-500 Gbps
14234,20-100Mbps
8544,Not Disclosed
9710,20-50 Gbps
18978,50-100 Gbps
37349,100-1000Mbps
22995,50-100 Gbps
8546,100-1000Mbps
37439,100-1000Mbps
21461,100-1000Mbps
8881,50-100 Gbps
24105,1-5Gbps
41313,50-100 Gbps
55897,100-1000Mbps
45345,100-1000Mbps
20596,Not Disclosed
48268,100+ Gbps
40048,100-1000Mbps
32740,20-100Mbps
132848,100-1000Mbps
13135,100-1000Mbps
15830,10-20Gbps
15837,100-1000Mbps
13132,20-100Mbps
264543,100-1000Mbps
15839,100-1000Mbps
40260,50-100 Gbps
33970,20-50 Gbps
58578,20-100Mbps
48484,Not Disclosed
52873,20-50 Gbps
38016,0-20 Mbps
20338,100-1000Mbps
17961,Not Disclosed
30373,1-5Gbps
9104,1-5Gbps
31530,100-1000Mbps
31027,200-300 Gbps
31025,5-10Gbps
132514,1-5Gbps
132515,1-5Gbps
5650,Not Disclosed
21513,100-1000Mbps
23735,Not Disclosed
28287,5-10Gbps
28280,1-5Gbps
28283,10-20Gbps
28289,Not Disclosed
27026,1-5Gbps
51795,Not Disclosed
47065,20-100Mbps
15305,20-50 Gbps
30950,Not Disclosed
15301,100-1000Mbps
6412,20-50 Gbps
35074,1-5Gbps
35070,10-20Gbps
7772,100-1000Mbps
3910,Not Disclosed
6730,20-50 Gbps
8315,Not Disclosed
34706,20-100Mbps
8310,5-10Gbps
34700,20-50 Gbps
6736,5-10Gbps
6738,100-1000Mbps
6739,1 Tbps+
8319,100-1000Mbps
50156,Not Disclosed
35254,20-50 Gbps
35256,20-100Mbps
35258,Not Disclosed
9924,1 Tbps+
131475,Not Disclosed
32703,5-10Gbps
12290,100-1000Mbps
32709,Not Disclosed
22177,100-1000Mbps
6086,1-5Gbps
6082,Not Disclosed
6083,0-20 Mbps
263901,1-5Gbps
43766,100+ Gbps
49505,Not Disclosed
26088,20-100Mbps
393807,Not Disclosed
134326,100-1000Mbps
11475,100-1000Mbps
43100,100-1000Mbps
11478,Not Disclosed
197439,0-20 Mbps
5017,Not Disclosed
46886,1-5Gbps
58010,1-5Gbps
38830,Not Disclosed
52558,100-1000Mbps
52550,1-5Gbps
52551,10-20Gbps
17143,Not Disclosed
25192,20-100Mbps
20144,100-1000Mbps
60427,100-1000Mbps
13301,5-10Gbps
36280,Not Disclosed
14829,Not Disclosed
58901,20-100Mbps
14824,Not Disclosed
64213,1-5Gbps
45287,Not Disclosed
45280,Not Disclosed
20924,100-1000Mbps
133678,5-10Gbps
41059,10-20Gbps
27843,Not Disclosed
29259,100-1000Mbps
39615,0-20 Mbps
11814,100+ Gbps
11815,5-10Gbps
37084,1-5Gbps
18505,5-10Gbps
18508,0-20 Mbps
198412,10-20Gbps
15152,10-20Gbps
34288,100-1000Mbps
29396,5-10Gbps
7162,100+ Gbps
7160,Not Disclosed
263486,100-1000Mbps
37662,10-20Gbps
34066,Not Disclosed
8075,1 Tbps+
40676,50-100 Gbps
44955,Not Disclosed
44953,100-1000Mbps
39287,Not Disclosed
50300,10-20Gbps
50304,20-50 Gbps
23033,Not Disclosed
28073,100-1000Mbps
22612,20-100Mbps
22616,Not Disclosed
197197,1-5Gbps
28618,100-1000Mbps
38220,1-5Gbps
28615,1-5Gbps
393470,1-5Gbps
43376,50-100 Gbps
4788,500-1000 Gbps
4787,10-20Gbps
35625,5-10Gbps
35627,0-20 Mbps
4780,200-300 Gbps
32934,1 Tbps+
197999,1-5Gbps
51307,100-1000Mbps
11260,Not Disclosed
11266,Not Disclosed
27887,5-10Gbps
262428,100-1000Mbps
262429,100-1000Mbps
262420,1-5Gbps
262427,1-5Gbps
23967,20-50 Gbps
25525,Not Disclosed
43599,1-5Gbps
42353,1-5Gbps
42423,1-5Gbps
17310,20-50 Gbps
52302,1-5Gbps
9150,1-5Gbps
9153,5-10Gbps
3742,100-1000Mbps
16406,5-10Gbps
31157,20-100Mbps
16402,100-1000Mbps
9482,5-10Gbps
16409,100-1000Mbps
61923,100-1000Mbps
61924,Not Disclosed
61928,100-1000Mbps
21195,5-10Gbps
20825,200-300 Gbps
20828,10-20Gbps
53218,100-1000Mbps
9738,100-1000Mbps
53216,100-1000Mbps
53217,100-1000Mbps
21336,Not Disclosed
37415,0-20 Mbps
37417,100-1000Mbps
200460,0-20 Mbps
24129,Not Disclosed
63290,1-5Gbps
63297,100-1000Mbps
63294,20-50 Gbps
855,Not Disclosed
852,500-1000 Gbps
51852,100+ Gbps
41336,100-1000Mbps
40068,20-100Mbps
133444,Not Disclosed
40065,10-20Gbps
40064,1-5Gbps
41197,100-1000Mbps
51823,1-5Gbps
37596,100-1000Mbps
3067,Not Disclosed
17941,20-50 Gbps
58599,5-10Gbps
14361,10-20Gbps
14492,1-5Gbps
54073,5-10Gbps
33915,20-50 Gbps
14366,1-5Gbps
45942,100-1000Mbps
27471,Not Disclosed
45945,100-1000Mbps
394337,1-5Gbps
50530,100-1000Mbps
132536,1-5Gbps
41497,100-1000Mbps
29066,20-50 Gbps
263073,5-10Gbps
263076,500-1000 Gbps
263077,1-5Gbps
23752,5-10Gbps
23201,10-20Gbps
23756,1-5Gbps
52102,100-1000Mbps
132426,Not Disclosed
28917,500-1000 Gbps
6473,20-50 Gbps
30933,Not Disclosed
15366,Not Disclosed
50821,Not Disclosed
35017,1 Tbps+
50796,Not Disclosed
263297,1-5Gbps
393316,100-1000Mbps
7753,100-1000Mbps
7752,100-1000Mbps
19468,Not Disclosed
3937,1-5Gbps
32546,Not Disclosed
8330,0-20 Mbps
8331,20-50 Gbps
6717,Not Disclosed
8339,5-10Gbps
200925,1-5Gbps
39072,Not Disclosed
9902,10-20Gbps
9908,50-100 Gbps
56430,1-5Gbps
24466,1-5Gbps
24469,100-1000Mbps
27400,Not Disclosed
32098,100-200 Gbps
32097,100-1000Mbps
55521,100-1000Mbps
34931,20-100Mbps
22402,Not Disclosed
263925,1-5Gbps
4043,1-5Gbps
26312,1-5Gbps
25751,Not Disclosed
25752,Not Disclosed
201035,Not Disclosed
21832,1-5Gbps
3669,1-5Gbps
2572,5-10Gbps
199121,0-20 Mbps
11456,Not Disclosed
11457,100-1000Mbps
17435,5-10Gbps
3595,Not Disclosed
3599,1-5Gbps
200077,1-5Gbps
4434,100-1000Mbps
60157,100-1000Mbps
60404,10-20Gbps
38583,Not Disclosed
36731,100-1000Mbps
36737,Not Disclosed
20121,Not Disclosed
62805,100-1000Mbps
133612,20-50 Gbps
200780,100-1000Mbps
41073,10-20Gbps
204207,20-100Mbps
196763,Not Disclosed
59741,Not Disclosed
41075,1-5Gbps
48039,Not Disclosed
20900,100-1000Mbps
10474,20-50 Gbps
15915,100-1000Mbps
198385,Not Disclosed
57963,0-20 Mbps
57967,100-1000Mbps
33762,1-5Gbps
8926,100-200 Gbps
8922,20-100Mbps
33764,0-20 Mbps
33765,1-5Gbps
58299,1-5Gbps
198477,100-1000Mbps
8928,Not Disclosed
30583,100-1000Mbps
15179,100-1000Mbps
15177,100-1000Mbps
30588,20-50 Gbps
31727,5-10Gbps
1680,Not Disclosed
33588,Not Disclosed
18786,1-5Gbps
30058,500-1000 Gbps
34006,Not Disclosed
28056,100-1000Mbps
58436,Not Disclosed
197013,1-5Gbps
24259,Not Disclosed
24255,1-5Gbps
28589,100-1000Mbps
28580,5-10Gbps
47927,100-1000Mbps
28587,100-1000Mbps
33445,100-1000Mbps
13926,1-5Gbps
4230,Not Disclosed
28632,100-1000Mbps
28634,1-5Gbps
28636,100-1000Mbps
29527,1-5Gbps
262699,1-5Gbps
394109,20-50 Gbps
50581,50-100 Gbps
13692,Not Disclosed
35600,Not Disclosed
43350,500-1000 Gbps
43355,50-100 Gbps
32952,20-100Mbps
27789,Not Disclosed
22363,20-50 Gbps
27781,1-5Gbps
61721,1-5Gbps
60899,20-100Mbps
60894,20-100Mbps
221731,20-50 Gbps
23947,20-50 Gbps
23944,Not Disclosed
262401,1-5Gbps
262150,1-5Gbps
262403,5-10Gbps
262409,100-1000Mbps
23949,100-1000Mbps
27257,50-100 Gbps
197156,20-100Mbps
51185,Not Disclosed
19693,100-1000Mbps
42400,Not Disclosed
52329,100-1000Mbps
52328,1-5Gbps
52988,100-1000Mbps
52323,1-5Gbps
52320,100-200 Gbps
9132,Not Disclosed
9137,100-1000Mbps
7296,Not Disclosed
53059,1-5Gbps
10310,500-1000 Gbps
15704,20-50 Gbps
57007,100-1000Mbps
53053,1-5Gbps
6295,20-50 Gbps
26120,50-100 Gbps
20804,100+ Gbps
52186,20-100Mbps
49249,Not Disclosed
37475,100-1000Mbps
21315,100-1000Mbps
22958,Not Disclosed
30076,100-1000Mbps
22957,20-100Mbps
4594,Not Disclosed
4844,1-5Gbps
199248,20-100Mbps
198047,Not Disclosed
133420,Not Disclosed
11990,Not Disclosed
11995,100-1000Mbps
11994,20-100Mbps
58601,20-50 Gbps
13178,Not Disclosed
53582,1-5Gbps
53589,10-20Gbps
11191,Not Disclosed
11190,Not Disclosed
11193,1-5Gbps
11195,100-1000Mbps
13414,Not Disclosed
33930,1-5Gbps
17920,100-1000Mbps
17924,Not Disclosed
3043,20-50 Gbps
62638,10-20Gbps
62639,1-5Gbps
27418,100-1000Mbps
34928,20-100Mbps
45926,20-100Mbps
44034,Not Disclosed
40009,Not Disclosed
41711,20-50 Gbps
264499,100-1000Mbps
15699,5-10Gbps
37599,0-20 Mbps
15692,1-5Gbps
15693,100-1000Mbps
15691,1-5Gbps
15695,10-20Gbps
29049,100+ Gbps
29518,100+ Gbps
263055,100-1000Mbps
263057,100-1000Mbps
29512,1-5Gbps
29513,100-1000Mbps
262391,100-1000Mbps
23778,1-5Gbps
23779,Not Disclosed
262230,100-1000Mbps
23774,Not Disclosed
262891,100-1000Mbps
15436,Not Disclosed
8683,20-100Mbps
6453,1 Tbps+
8681,1-5Gbps
8686,1-5Gbps
15433,1-5Gbps
6900,100-1000Mbps
6459,5-10Gbps
30919,1-5Gbps
8689,100-1000Mbps
48835,100-1000Mbps
6908,Not Disclosed
50809,100-1000Mbps
7738,Not Disclosed
32563,Not Disclosed
55720,1-5Gbps
8359,1 Tbps+
34746,0-20 Mbps
35297,50-100 Gbps
39093,100-1000Mbps
39090,1-5Gbps
24441,1-5Gbps
27932,Not Disclosed
51432,1-5Gbps
13770,Not Disclosed
43727,50-100 Gbps
263945,1-5Gbps
197815,Not Disclosed
3602,Not Disclosed
3601,20-100Mbps
3605,5-10Gbps
60391,20-100Mbps
51646,100-1000Mbps
19223,100-1000Mbps
19996,Not Disclosed
32748,20-50 Gbps
17451,10-20Gbps
17106,100-1000Mbps
52041,50-100 Gbps
17459,1-5Gbps
60171,1-5Gbps
57494,1-5Gbps
36715,1-5Gbps
42090,100-1000Mbps
42093,100-1000Mbps
24867,1-5Gbps
33845,100-1000Mbps
48634,10-20Gbps
48635,Not Disclosed
133637,Not Disclosed
200052,50-100 Gbps
6336,Not Disclosed
42675,5-10Gbps
42896,10-20Gbps
42673,Not Disclosed
59891,1-5Gbps
59895,1-5Gbps
59899,50-100 Gbps
41012,100-1000Mbps
264397,100-1000Mbps
39651,500-1000 Gbps
29215,1-5Gbps
10102,Not Disclosed
63157,1-5Gbps
63152,100-1000Mbps
33748,10-20Gbps
37049,100-1000Mbps
8903,100-1000Mbps
37044,0-20 Mbps
30212,20-50 Gbps
44194,100-1000Mbps
26935,1-5Gbps
49902,5-10Gbps
49909,Not Disclosed
37629,Not Disclosed
37628,100-1000Mbps
1668,100-200 Gbps
26689,100-1000Mbps
24277,100-1000Mbps
2828,1 Tbps+
50343,100-1000Mbps
24279,100-1000Mbps
14041,20-50 Gbps
5410,500-1000 Gbps
5413,20-50 Gbps
197038,100-1000Mbps
28038,1-5Gbps
2603,200-300 Gbps
5418,0-20 Mbps
34244,1-5Gbps
34245,5-10Gbps
1408,20-100Mbps
34242,0-20 Mbps
34243,20-100Mbps
1403,100+ Gbps
1406,0-20 Mbps
35193,1-5Gbps
263558,1-5Gbps
197157,Not Disclosed
18104,Not Disclosed
18106,10-20Gbps
18101,100+ Gbps
262907,5-10Gbps
5578,50-100 Gbps
5577,200-300 Gbps
34021,10-20Gbps
1930,Not Disclosed
30071,Not Disclosed
35371,5-10Gbps
393431,100-1000Mbps
11114,1-5Gbps
262394,1-5Gbps
28351,100-1000Mbps
262393,100-1000Mbps
51349,20-100Mbps
55394,Not Disclosed
51344,20-100Mbps
55392,Not Disclosed
55391,Not Disclosed
22302,5-10Gbps
22300,1-5Gbps
34304,Not Disclosed
25309,20-50 Gbps
25308,5-10Gbps
25653,5-10Gbps
34309,Not Disclosed
262174,100-1000Mbps
39138,Not Disclosed
42463,20-100Mbps
32354,50-100 Gbps
16191,100-1000Mbps
12322,1 Tbps+
12757,Not Disclosed
12754,5-10Gbps
6102,Not Disclosed
53841,Not Disclosed
10933,Not Disclosed
9119,10-20Gbps
57029,20-100Mbps
57023,100-200 Gbps
9443,Not Disclosed
9116,Not Disclosed
12284,100-1000Mbps
21158,0-20 Mbps
21159,20-100Mbps
21155,1-5Gbps
11922,1-5Gbps
12759,5-10Gbps
26108,20-100Mbps
26106,0-20 Mbps
21485,1-5Gbps
21488,20-50 Gbps
8530,5-10Gbps
200428,100-1000Mbps
21371,1-5Gbps
46907,Not Disclosed
37457,20-50 Gbps
38466,10-20Gbps
43388,1-5Gbps
13489,300-500 Gbps
53070,1-5Gbps
15290,50-100 Gbps
53072,100-1000Mbps
4862,50-100 Gbps
13480,1-5Gbps
30141,100-1000Mbps
18480,20-100Mbps
14103,10-20Gbps
58627,5-10Gbps
33483,5-10Gbps
58621,5-10Gbps
33480,10-20Gbps
198026,Not Disclosed
52709,100-1000Mbps
13157,100-1000Mbps
60610,Not Disclosed
20681,100-1000Mbps
20680,100+ Gbps
264254,1-5Gbps
45179,Not Disclosed
36052,100-1000Mbps
10594,1-5Gbps
45903,20-50 Gbps
48173,50-100 Gbps
48172,10-20Gbps
41489,Not Disclosed
30688,1-5Gbps
17469,1-5Gbps
7012,Not Disclosed
133403,Not Disclosed
44053,5-10Gbps
44050,20-50 Gbps
40029,Not Disclosed
40028,1-5Gbps
47886,5-10Gbps
47887,100-1000Mbps
47880,100-1000Mbps
12990,10-20Gbps
12993,Not Disclosed
12996,1-5Gbps
41733,100-200 Gbps
29535,Not Disclosed
21525,100-1000Mbps
29028,100-1000Mbps
1342,Not Disclosed
50152,20-100Mbps
15419,1-5Gbps
6921,1-5Gbps
15412,1 Tbps+
7713,500-1000 Gbps
39309,20-50 Gbps
39301,1-5Gbps
8374,100-200 Gbps
34764,1-5Gbps
34763,Not Disclosed
34762,Not Disclosed
34768,1-5Gbps
199860,100-1000Mbps
199863,100-1000Mbps
22113,1-5Gbps
61570,5-10Gbps
61571,Not Disclosed
43708,5-10Gbps
43256,100-1000Mbps
4007,5-10Gbps
35381,1-5Gbps
55707,1-5Gbps
51083,20-100Mbps
51088,10-20Gbps
3624,20-100Mbps
35415,500-1000 Gbps
11414,20-50 Gbps
57707,1-5Gbps
201292,1-5Gbps
55561,1-5Gbps
16298,5-10Gbps
51886,Not Disclosed
56030,Not Disclosed
56038,Not Disclosed
17477,1-5Gbps
25466,Not Disclosed
25460,Not Disclosed
36263,Not Disclosed
13360,20-50 Gbps
4474,1-5Gbps
60116,0-20 Mbps
262617,1-5Gbps
48610,5-10Gbps
20161,10-20Gbps
48344,20-100Mbps
134830,100-200 Gbps
41255,100-1000Mbps
12143,1-5Gbps
6316,Not Disclosed
6315,1-5Gbps
42612,1-5Gbps
42610,300-500 Gbps
42615,100-1000Mbps
199522,100-1000Mbps
199524,300-500 Gbps
59701,1-5Gbps
45047,1-5Gbps
9650,1-5Gbps
9304,50-100 Gbps
9658,5-10Gbps
36997,Not Disclosed
36994,5-10Gbps
21743,10-20Gbps
49690,1-5Gbps
54931,100-1000Mbps
49695,Not Disclosed
21744,Not Disclosed
37028,Not Disclosed
8968,10-20Gbps
43852,50-100 Gbps
8966,500-1000 Gbps
26918,Not Disclosed
26914,Not Disclosed
1645,1-5Gbps
197589,1-5Gbps
49962,100-1000Mbps
49964,5-10Gbps
41037,0-20 Mbps
41039,1-5Gbps
263393,100-1000Mbps
44314,Not Disclosed
40616,100-1000Mbps
29944,0-20 Mbps
577,Not Disclosed
18291,50-100 Gbps
24218,Not Disclosed
263460,100-1000Mbps
5432,200-300 Gbps
62267,Not Disclosed
1422,Not Disclosed
1424,0-20 Mbps
28548,Not Disclosed
58473,100-1000Mbps
3361,100-1000Mbps
34224,50-100 Gbps
34225,100-1000Mbps
38790,Not Disclosed
38794,1-5Gbps
2018,5-10Gbps
4270,500-1000 Gbps
35176,Not Disclosed
1200,1 Tbps+
197133,5-10Gbps
18126,Not Disclosed
5552,100-1000Mbps
18129,1-5Gbps
43457,1-5Gbps
30094,100-200 Gbps
8582,Not Disclosed
34594,1-5Gbps
8587,100-1000Mbps
8586,1-5Gbps
31328,100-1000Mbps
31323,1-5Gbps
51410,20-100Mbps
23184,Not Disclosed
58620,Not Disclosed
262375,1-5Gbps
262372,100-1000Mbps
61763,20-100Mbps
61765,100-1000Mbps
30890,100+ Gbps
30893,Not Disclosed
61769,100-1000Mbps
27747,100+ Gbps
48971,Not Disclosed
48973,100-1000Mbps
48972,100-1000Mbps
25926,5-10Gbps
41000,100-1000Mbps
23452,10-20Gbps
62000,5-10Gbps
27299,0-20 Mbps
7505,Not Disclosed
7506,50-100 Gbps
39117,100-1000Mbps
262847,1-5Gbps
12775,Not Disclosed
32338,10-20Gbps
12773,20-50 Gbps
55915,1-5Gbps
12779,20-50 Gbps
30727,Not Disclosed
37054,1-5Gbps
21777,10-20Gbps
24989,5-10Gbps
43061,5-10Gbps
26162,Not Disclosed
25588,Not Disclosed
31147,5-10Gbps
26167,Not Disclosed
46920,100-1000Mbps
21351,Not Disclosed
49202,10-20Gbps
200155,Not Disclosed
42910,50-100 Gbps
18809,20-50 Gbps
52490,100-1000Mbps
20686,Not Disclosed
52498,20-100Mbps
4800,5-10Gbps
60587,1-5Gbps
393991,Not Disclosed
45694,1-5Gbps
53013,1-5Gbps
57043,5-10Gbps
51827,100-1000Mbps
57511,100-1000Mbps
57048,20-50 Gbps
53018,100-1000Mbps
11608,Not Disclosed
18465,Not Disclosed
54540,20-50 Gbps
52722,100-1000Mbps
52720,20-50 Gbps
27983,1-5Gbps
17734,Not Disclosed
62455,1-5Gbps
62982,100-1000Mbps
27988,100-1000Mbps
9790,Not Disclosed
9797,20-100Mbps
62182,1-5Gbps
62183,1-5Gbps
14380,100-1000Mbps
34960,20-100Mbps
20406,1-5Gbps
34966,100-1000Mbps
34968,5-10Gbps
39757,100-1000Mbps
198554,Not Disclosed
15657,100-1000Mbps
12975,5-10Gbps
59112,100-1000Mbps
29553,100-1000Mbps
29550,Not Disclosed
29551,10-20Gbps
16164,Not Disclosed
29006,100-1000Mbps
29009,1-5Gbps
8175,500-1000 Gbps
15388,Not Disclosed
39326,Not Disclosed
20721,1-5Gbps
15474,100-1000Mbps
50737,Not Disclosed
393626,Not Disclosed
57413,100-1000Mbps
8399,1-5Gbps
61376,20-100Mbps
61374,10-20Gbps
34781,10-20Gbps
8391,100-1000Mbps
28753,Not Disclosed
28209,1-5Gbps
28208,1-5Gbps
28978,100-1000Mbps
28207,1-5Gbps
28201,5-10Gbps
28202,100+ Gbps
13737,1-5Gbps
13730,1-5Gbps
13739,5-10Gbps
11383,Not Disclosed
8902,Not Disclosed
55761,1-5Gbps
19159,Not Disclosed
19151,200-300 Gbps
32522,100-1000Mbps
133405,1-5Gbps
52268,100-1000Mbps
52263,20-50 Gbps
56233,1-5Gbps
60357,Not Disclosed
35432,5-10Gbps
262581,100-1000Mbps
297,5-10Gbps
32787,Not Disclosed
293,Not Disclosed
55581,100-1000Mbps
60134,1-5Gbps
25447,1-5Gbps
25441,1-5Gbps
25443,100-1000Mbps
262635,1-5Gbps
262632,100-1000Mbps
262631,1-5Gbps
42585,Not Disclosed
57187,10-20Gbps
39923,100-1000Mbps
42638,100-1000Mbps
16810,5-10Gbps
16815,Not Disclosed
16814,10-20Gbps
12129,10-20Gbps
6379,Not Disclosed
12125,Not Disclosed
12124,Not Disclosed
10143,20-50 Gbps
199547,100-1000Mbps
199544,5-10Gbps
40988,1-5Gbps
9328,Not Disclosed
63113,100+ Gbps
198492,100-1000Mbps
63440,Not Disclosed
9327,0-20 Mbps
58980,Not Disclosed
58983,100-1000Mbps
37009,Not Disclosed
21724,1-5Gbps
45204,50-100 Gbps
41230,Not Disclosed
48362,100-1000Mbps
26972,20-50 Gbps
49415,100-1000Mbps
3397,100-1000Mbps
3209,Not Disclosed
14721,20-100Mbps
264359,1-5Gbps
264602,100-1000Mbps
2860,200-300 Gbps
2863,Not Disclosed
559,10-20Gbps
558,20-50 Gbps
44334,100-1000Mbps
263371,100-1000Mbps
553,20-50 Gbps
54376,1-5Gbps
197075,Not Disclosed
14712,0-20 Mbps
58453,300-500 Gbps
33693,Not Disclosed
58451,20-50 Gbps
14717,Not Disclosed
58329,Not Disclosed
5459,Not Disclosed
62240,Not Disclosed
62244,100-1000Mbps
3344,100-1000Mbps
30528,20-100Mbps
30259,1-5Gbps
34201,5-10Gbps
57099,1-5Gbps
262402,100-1000Mbps
4258,100+ Gbps
35158,Not Disclosed
4250,1-5Gbps
263513,100-1000Mbps
31122,20-50 Gbps
18149,0-20 Mbps
60461,Not Disclosed
5539,1-5Gbps
47329,Not Disclosed
47328,1-5Gbps
262354,5-10Gbps
262355,1-5Gbps
15041,0-20 Mbps
27768,10-20Gbps
61746,1-5Gbps
61742,20-100Mbps
48954,100-1000Mbps
29611,1-5Gbps
263569,1-5Gbps
25943,10-20Gbps
23473,Not Disclosed
3833,100-1000Mbps
12668,20-50 Gbps
7522,Not Disclosed
7521,Not Disclosed
35332,100-1000Mbps
7524,Not Disclosed
50072,100-1000Mbps
7529,5-10Gbps
376,Not Disclosed
51290,1-5Gbps
12713,100-200 Gbps
6140,1-5Gbps
12714,500-1000 Gbps
10973,100-1000Mbps
19653,5-10Gbps
52925,10-20Gbps
52920,100-1000Mbps
26496,50-100 Gbps
16174,100-1000Mbps
51945,100-1000Mbps
26744,1-5Gbps
22702,Not Disclosed
14868,50-100 Gbps
64597,0-20 Mbps
327698,100-1000Mbps
43519,Not Disclosed
327693,100-1000Mbps
43515,Not Disclosed
42937,1-5Gbps
56910,5-10Gbps
56911,1-5Gbps
41913,Not Disclosed
17534,Not Disclosed
4826,200-300 Gbps
13446,1-5Gbps
11622,Not Disclosed
11624,100-1000Mbps
57062,Not Disclosed
53037,5-10Gbps
62471,1-5Gbps
11976,50-100 Gbps
197685,100-1000Mbps
20647,1-5Gbps
27961,20-100Mbps
27960,1-5Gbps
52746,100-1000Mbps
36012,Not Disclosed
53292,100+ Gbps
13193,5-10Gbps
13194,20-50 Gbps
198792,300-500 Gbps
62651,Not Disclosed
30432,5-10Gbps
34948,Not Disclosed
34942,100-1000Mbps
20394,100-1000Mbps
10089,50-100 Gbps
10084,Not Disclosed
39779,0-20 Mbps
198570,1-5Gbps
18446,Not Disclosed
31339,Not Disclosed
12956,Not Disclosed
15670,Not Disclosed
15672,5-10Gbps
12958,100-1000Mbps
7065,20-50 Gbps
132022,Not Disclosed
34419,Not Disclosed
15456,1-5Gbps
30751,Not Disclosed
6968,20-100Mbps
11233,100-1000Mbps
50710,100-200 Gbps
31595,100-1000Mbps
50245,100-200 Gbps
24398,100-1000Mbps
61683,20-100Mbps
40426,Not Disclosed
40428,100-200 Gbps
14500,100-1000Mbps
28229,100-1000Mbps
262839,1-5Gbps
28220,20-50 Gbps
23284,Not Disclosed
28226,Not Disclosed
23286,Not Disclosed
28224,5-10Gbps
20278,Not Disclosed
43219,100-1000Mbps
201701,1-5Gbps
197301,5-10Gbps
55039,1-5Gbps
19171,1-5Gbps
51040,20-100Mbps
60336,100-1000Mbps
60339,Not Disclosed
56212,20-100Mbps
20621,1-5Gbps
35456,100-1000Mbps
25137,10-20Gbps
25139,1-5Gbps
36222,1-5Gbps
25424,5-10Gbps
262659,1-5Gbps
46064,Not Disclosed
53197,100-1000Mbps
53196,100-1000Mbps
53195,1-5Gbps
53192,100-1000Mbps
53191,1-5Gbps
32105,1-5Gbps
16347,10-20Gbps
7849,5-10Gbps
32100,Not Disclosed
7843,1 Tbps+
61827,20-100Mbps
9615,5-10Gbps
36958,Not Disclosed
36959,100-1000Mbps
36483,Not Disclosed
21250,Not Disclosed
21709,Not Disclosed
37576,100-1000Mbps
45261,1-5Gbps
45267,Not Disclosed
44684,5-10Gbps
44134,Not Disclosed
44133,100-1000Mbps
37680,100-1000Mbps
3225,10-20Gbps
3224,100-1000Mbps
3220,Not Disclosed
3223,500-1000 Gbps
37996,100-1000Mbps
13272,20-50 Gbps
42737,0-20 Mbps
59835,100-1000Mbps
264374,20-100Mbps
2848,1-5Gbps
40300,20-100Mbps
44355,1-5Gbps
44356,Not Disclosed
3320,1 Tbps+
3324,1-5Gbps
54359,100-1000Mbps
58305,Not Disclosed
3327,20-50 Gbps
14265,20-50 Gbps
58308,20-100Mbps
20077,Not Disclosed
45884,5-10Gbps
38759,0-20 Mbps
38757,1-5Gbps
38753,1-5Gbps
30500,Not Disclosed
39120,5-10Gbps
28349,1-5Gbps
134006,1-5Gbps
38285,50-100 Gbps
38280,100-1000Mbps
38281,100-1000Mbps
5511,1 Tbps+
38289,Not Disclosed
34087,20-50 Gbps
29909,50-100 Gbps
132787,100-1000Mbps
262333,100-1000Mbps
23673,Not Disclosed
262336,100-1000Mbps
47302,Not Disclosed
23677,20-100Mbps
23678,100-1000Mbps
28347,10-20Gbps
30340,1-5Gbps
15022,Not Disclosed
29632,20-50 Gbps
31100,1-5Gbps
29636,100-1000Mbps
263535,100-1000Mbps
262488,100-1000Mbps
23498,Not Disclosed
262485,1-5Gbps
262481,100-1000Mbps
8455,Not Disclosed
34623,0-20 Mbps
39150,20-50 Gbps
50056,Not Disclosed
7545,Not Disclosed
51906,Not Disclosed
12731,Not Disclosed
52908,100-1000Mbps
263822,100-1000Mbps
10996,5-10Gbps
52902,100-1000Mbps
52901,1-5Gbps
10993,Not Disclosed
24611,300-500 Gbps
24940,300-500 Gbps
43531,100+ Gbps
5606,Not Disclosed
197264,10-20Gbps
46215,100-1000Mbps
17511,500-1000 Gbps
17514,1-5Gbps
25093,100-1000Mbps
25091,5-10Gbps
25098,100-1000Mbps
12854,20-100Mbps
18207,20-50 Gbps
11643,Not Disclosed
29279,20-100Mbps
58820,1-5Gbps
52768,100-1000Mbps
55569,Not Disclosed
27940,1-5Gbps
36561,Not Disclosed
42775,20-50 Gbps
21396,1-5Gbps
21392,5-10Gbps
198777,Not Disclosed
26609,1-5Gbps
20915,Not Disclosed
20917,1-5Gbps
20912,100-1000Mbps
20448,1-5Gbps
7303,100+ Gbps
29083,100-1000Mbps
9280,Not Disclosed
12932,20-100Mbps
12931,10-20Gbps
15614,5-10Gbps
264417,100-1000Mbps
264144,1-5Gbps
264141,100-1000Mbps
10204,100-1000Mbps
10201,5-10Gbps
7049,10-20Gbps
7048,1-5Gbps
18391,Not Disclosed
18393,1-5Gbps
30998,100-1000Mbps
8608,Not Disclosed
15925,1-5Gbps
6983,5-10Gbps
8607,5-10Gbps
50266,Not Disclosed
24373,100-1000Mbps
35260,1-5Gbps
40440,20-50 Gbps
40444,Not Disclosed
28241,100-1000Mbps
28716,5-10Gbps
28245,1-5Gbps
28247,1-5Gbps
11008,20-100Mbps
38149,5-10Gbps
50999,1-5Gbps
201764,Not Disclosed
55016,20-100Mbps
51025,Not Disclosed
19117,100-1000Mbps
19116,Not Disclosed
61333,Not Disclosed
61337,5-10Gbps
35470,1-5Gbps
60316,100-1000Mbps
393223,20-50 Gbps
15331,1-5Gbps
6423,100-1000Mbps
23805,1-5Gbps
25152,0-20 Mbps
25151,1-5Gbps
43948,5-10Gbps
43942,100-1000Mbps
262673,1-5Gbps
16586,Not Disclosed
262675,100-1000Mbps
32299,Not Disclosed
42018,100-1000Mbps
12696,1-5Gbps
12695,20-50 Gbps
12693,5-10Gbps
42010,Not Disclosed
46045,Not Disclosed
46044,100-1000Mbps
46043,Not Disclosed
24768,20-50 Gbps
42541,10-20Gbps
10835,20-50 Gbps
48347,20-50 Gbps
134831,20-100Mbps
39962,Not Disclosed
53178,100-1000Mbps
53175,Not Disclosed
53176,100-1000Mbps
53171,1-5Gbps
201983,100-1000Mbps
53173,1-5Gbps
16363,100-1000Mbps
7829,1-5Gbps
7828,Not Disclosed
21099,100-1000Mbps
17184,10-20Gbps
9365,Not Disclosed
9363,20-100Mbps
37515,100-1000Mbps
49638,1-5Gbps
63402,Not Disclosed
49634,Not Disclosed
1836,10-20Gbps
1835,5-10Gbps
2152,100+ Gbps
203724,Not Disclosed
198184,5-10Gbps
34146,100-1000Mbps
49983,100-1000Mbps
49981,5-10Gbps
49455,10-20Gbps
14061,100-200 Gbps
41090,100-1000Mbps
3248,1-5Gbps
41095,100+ Gbps
18986,1-5Gbps
198239,Not Disclosed
62206,20-50 Gbps
62752,0-20 Mbps
3302,5-10Gbps
3303,500-1000 Gbps
3300,100-1000Mbps
21640,Not Disclosed
48588,Not Disclosed
40148,1-5Gbps
18888,100-1000Mbps
47490,20-100Mbps
18182,Not Disclosed
47605,5-10Gbps
29438,100-1000Mbps
263337,20-100Mbps
40328,Not Disclosed
513,100-200 Gbps
29430,20-100Mbps
29432,0-20 Mbps
132051,100-1000Mbps
47670,Not Disclosed
262318,1-5Gbps
23128,100-1000Mbps
23655,20-50 Gbps
262310,5-10Gbps
6536,100-1000Mbps
15557,1 Tbps+
15003,Not Disclosed
48918,Not Disclosed
27724,Not Disclosed
48913,20-100Mbps
27720,1-5Gbps
8793,Not Disclosed
30803,Not Disclosed
31167,100-1000Mbps
29655,20-100Mbps
35112,1-5Gbps
16004,100+ Gbps
55465,10-20Gbps
193324,20-100Mbps
34606,1-5Gbps
8470,10-20Gbps
34602,Not Disclosed
39458,100-1000Mbps
7568,1-5Gbps
24586,Not Disclosed
24587,1-5Gbps
24582,100-1000Mbps
50522,100-1000Mbps
50032,100-1000Mbps
35805,50-100 Gbps
31383,20-100Mbps
32609,Not Disclosed
61470,20-100Mbps
10431,1-5Gbps
52962,20-50 Gbps
52965,20-50 Gbps
52967,1-5Gbps
13895,Not Disclosed
26458,1-5Gbps
263801,1-5Gbps
29231,20-100Mbps
17709,20-50 Gbps
24632,20-100Mbps
30736,Not Disclosed
22748,1-5Gbps
21740,10-20Gbps
22742,20-50 Gbps
33011,Not Disclosed
43554,20-50 Gbps
51929,Not Disclosed
17579,1-5Gbps
4609,50-100 Gbps
3491,1 Tbps+
13409,Not Disclosed
11666,Not Disclosed
11664,10-20Gbps
46455,10-20Gbps
46450,Not Disclosed
24961,100+ Gbps
24963,Not Disclosed
52789,1-5Gbps
27924,Not Disclosed
45180,100-1000Mbps
134689,20-100Mbps
52783,1-5Gbps
60690,1-5Gbps
200134,100-1000Mbps
46231,Not Disclosed
46235,5-10Gbps
42755,1-5Gbps
42204,100-1000Mbps
42973,5-10Gbps
45763,100-1000Mbps
20932,1-5Gbps
45769,Not Disclosed
45768,5-10Gbps
39737,20-50 Gbps
44581,100+ Gbps
44583,100-1000Mbps
12316,100-1000Mbps
3,Not Disclosed
12312,10-20Gbps
12310,20-50 Gbps
18400,5-10Gbps
18403,200-300 Gbps
54523,100-1000Mbps
30176,1-5Gbps
59172,1-5Gbps
7020,100-1000Mbps
9003,1-5Gbps
9002,1 Tbps+
7029,500-1000 Gbps
9009,300-500 Gbps
9008,Not Disclosed
37235,100-1000Mbps
37236,20-100Mbps
24033,Not Disclosed
37239,Not Disclosed
35838,10-20Gbps
62698,5-10Gbps
45916,1-5Gbps
15943,Not Disclosed
15947,Not Disclosed
327893,Not Disclosed
50206,100-1000Mbps
327894,20-100Mbps
7795,20-50 Gbps
58779,5-10Gbps
197580,100-1000Mbps
263471,100-1000Mbps
20860,100-200 Gbps
262871,100-1000Mbps
28267,1-5Gbps
28265,100-1000Mbps
28264,1-5Gbps
28263,10-20Gbps
28262,Not Disclosed
8660,1-5Gbps
34450,1-5Gbps
15497,Not Disclosed
8664,1-5Gbps
7363,20-50 Gbps
34456,20-50 Gbps
15498,1-5Gbps
17895,1-5Gbps
31449,100-1000Mbps
5726,100-1000Mbps
61319,20-100Mbps
35492,0-20 Mbps
23820,Not Disclosed
28846,100-1000Mbps
23827,Not Disclosed
23829,1-5Gbps
25178,Not Disclosed
16569,20-100Mbps
262695,100-1000Mbps
16567,1-5Gbps
262696,100-1000Mbps
6648,Not Disclosed
12678,10-20Gbps
12676,1-5Gbps
12670,50-100 Gbps
6643,Not Disclosed
56258,Not Disclosed
53158,5-10Gbps
57124,100-1000Mbps
39944,100-1000Mbps
53154,100-1000Mbps
42695,Not Disclosed
16300,100-1000Mbps
16302,1-5Gbps
61869,100-1000Mbps
6391,1-5Gbps
60197,100-1000Mbps
57344,20-50 Gbps
21219,500-1000 Gbps
45510,Not Disclosed
1850,0-20 Mbps
1853,10-20Gbps
28131,1-5Gbps
3842,100-1000Mbps
28135,1-5Gbps
5430,1-5Gbps
3261,Not Disclosed
29014,1-5Gbps
3265,50-100 Gbps
3267,50-100 Gbps
13238,100-200 Gbps
53334,5-10Gbps
36916,1-5Gbps
13237,Not Disclosed
53339,Not Disclosed
54312,Not Disclosed
33362,1-5Gbps
54643,100-1000Mbps
33361,Not Disclosed
38719,Not Disclosed
56182,1-5Gbps
34848,100-1000Mbps
52568,100-1000Mbps
133073,1-5Gbps
133075,100-1000Mbps
132215,Not Disclosed
47474,5-10Gbps
47473,20-100Mbps
6881,Not Disclosed
59699,100-1000Mbps
263649,100-1000Mbps
133298,1-5Gbps
44395,Not Disclosed
263644,20-100Mbps
263311,1-5Gbps
263646,100-1000Mbps
133293,100-1000Mbps
600,50-100 Gbps
23106,10-20Gbps
47617,20-100Mbps
59344,Not Disclosed
15576,5-10Gbps
59347,Not Disclosed
8276,0-20 Mbps
30811,1-5Gbps
59439,100-1000Mbps
29676,Not Disclosed
39449,100-1000Mbps
29670,100-1000Mbps
39444,100-1000Mbps
26888,100-1000Mbps
31638,5-10Gbps
31631,Not Disclosed
55195,0-20 Mbps
8419,100-1000Mbps
8412,10-20Gbps
34660,Not Disclosed
35826,Not Disclosed
35393,10-20Gbps
35821,20-100Mbps
50010,20-50 Gbps
35399,20-100Mbps
39196,100-1000Mbps
7583,10-20Gbps
12650,100-1000Mbps
61459,100-1000Mbps
61102,20-50 Gbps
131299,Not Disclosed
26473,100-1000Mbps
131291,Not Disclosed
52945,100-1000Mbps
52944,100-1000Mbps
26479,20-50 Gbps
52941,100-1000Mbps
201353,Not Disclosed
3856,1-5Gbps
262193,20-100Mbps
32440,Not Disclosed
38955,1-5Gbps
54210,100-1000Mbps
201535,1-5Gbps
43573,5-10Gbps
32621,100-1000Mbps
51944,20-100Mbps
16175,1-5Gbps
16178,Not Disclosed
52419,100-1000Mbps
17559,5-10Gbps
17557,Not Disclosed
17551,Not Disclosed
17222,Not Disclosed
199283,100-1000Mbps
4558,1-5Gbps
13427,1-5Gbps
4557,20-50 Gbps
262737,1-5Gbps
262732,1-5Gbps
262733,1-5Gbps
262730,1-5Gbps
11686,Not Disclosed
11682,1-5Gbps
24904,1-5Gbps
46435,1-5Gbps
45166,Not Disclosed
27901,10-20Gbps
52401,100-1000Mbps
198736,Not Disclosed
198735,20-50 Gbps
198738,Not Disclosed
16798,Not Disclosed
49289,5-10Gbps
12083,300-500 Gbps
30092,10-20Gbps
42227,100-1000Mbps
6079,20-50 Gbps
2614,5-10Gbps
2613,Not Disclosed
2611,10-20Gbps
20483,20-100Mbps
20953,100-1000Mbps
20952,Not Disclosed
45705,1-5Gbps
20485,1 Tbps+
7342,Not Disclosed
10029,Not Disclosed
10026,300-500 Gbps
10024,Not Disclosed
10021,1-5Gbps
12338,Not Disclosed
8368,1-5Gbps
12337,Not Disclosed
12333,100-1000Mbps
9329,10-20Gbps
10242,20-50 Gbps
29081,1-5Gbps
9026,100-1000Mbps
7005,100-1000Mbps
9022,5-10Gbps
37253,20-100Mbps
37703,1-5Gbps
37254,Not Disclosed
49867,Not Disclosed
41420,20-50 Gbps
29881,Not Disclosed
47344,5-10Gbps
262377,1-5Gbps
202222,Not Disclosed
327872,100-1000Mbps
47869,20-50 Gbps
264101,100-1000Mbps
264106,100-1000Mbps
30152,100-1000Mbps
31287,20-50 Gbps
31283,5-10Gbps
4319,100-1000Mbps
33886,0-20 Mbps
11045,100-1000Mbps
33823,1-5Gbps
24482,10-20Gbps
262856,100-1000Mbps
262854,5-10Gbps
15960,1-5Gbps
15965,Not Disclosed
8648,Not Disclosed
15967,1-5Gbps
8641,20-50 Gbps
31463,5-10Gbps
20639,Not Disclosed
35706,10-20Gbps
50957,1-5Gbps
35705,20-100Mbps
35701,20-100Mbps
132405,100-1000Mbps
11301,5-10Gbps
203679,5-10Gbps
51577,1-5Gbps
10158,Not Disclosed
47138,20-100Mbps
262505,1-5Gbps
262501,20-100Mbps
262500,20-100Mbps
262502,5-10Gbps
12536,Not Disclosed
15211,Not Disclosed
39279,Not Disclosed
42504,10-20Gbps
16090,0-20 Mbps
16095,10-20Gbps
16097,50-100 Gbps
16096,1-5Gbps
6663,20-50 Gbps
6660,Not Disclosed
6661,20-50 Gbps
6666,100-1000Mbps
131178,50-100 Gbps
12654,0-20 Mbps
52888,100-1000Mbps
41153,20-100Mbps
393269,300-500 Gbps
19515,Not Disclosed
19844,5-10Gbps
19842,Not Disclosed
52696,5-10Gbps
19518,Not Disclosed
61842,100-1000Mbps
21056,1-5Gbps
21055,Not Disclosed
52088,100-1000Mbps
26228,1-5Gbps
63199,Not Disclosed
21947,5-10Gbps
21232,5-10Gbps
46373,100-1000Mbps
21230,100-1000Mbps
21949,1-5Gbps
53130,100-1000Mbps
41853,20-100Mbps
53131,1-5Gbps
2119,1 Tbps+
53135,1-5Gbps
53137,1-5Gbps
2110,5-10Gbps
199636,Not Disclosed
14026,100-1000Mbps
49492,100-1000Mbps
52626,20-100Mbps
53139,100-1000Mbps
17054,Not Disclosed
52625,Not Disclosed
1916,50-100 Gbps
37986,Not Disclosed
13213,100-200 Gbps
60717,Not Disclosed
53861,1-5Gbps
2116,50-100 Gbps
53869,100-1000Mbps
36423,5-10Gbps
36937,Not Disclosed
54665,5-10Gbps
54666,100-1000Mbps
14793,1-5Gbps
33612,Not Disclosed
20547,Not Disclosed
34867,100+ Gbps
34863,1-5Gbps
62713,10-20Gbps
62715,Not Disclosed
29355,20-50 Gbps
7500,20-100Mbps
41678,1-5Gbps
48728,100-1000Mbps
6866,100+ Gbps
15773,20-100Mbps
15772,100+ Gbps
29471,20-100Mbps
263665,1-5Gbps
57811,100-200 Gbps
29479,100-1000Mbps
263668,100-1000Mbps
198271,100-1000Mbps
8251,20-50 Gbps
668,Not Disclosed
1267,50-100 Gbps
8789,100-1000Mbps
8788,1-5Gbps
59414,Not Disclosed
34393,1-5Gbps
8781,50-100 Gbps
59410,Not Disclosed
15517,Not Disclosed
15516,Not Disclosed
39469,Not Disclosed
29695,100-200 Gbps
7615,Not Disclosed
29697,Not Disclosed
7610,1-5Gbps
37113,Not Disclosed
9824,Not Disclosed
9821,1-5Gbps
9822,5-10Gbps
13214,5-10Gbps
44843,5-10Gbps
61438,100-1000Mbps
22561,Not Disclosed
61126,Not Disclosed
61124,1-5Gbps
12597,100-1000Mbps
24679,1-5Gbps
13868,1-5Gbps
55420,0-20 Mbps
32421,Not Disclosed
55427,1-5Gbps
32425,1-5Gbps
28124,1-5Gbps
28125,100-1000Mbps
28126,10-20Gbps
5683,1-5Gbps
38930,20-50 Gbps
22781,5-10Gbps
31877,1-5Gbps
23786,Not Disclosed
23780,100-1000Mbps
23783,1-5Gbps
11514,1-5Gbps
11512,5-10Gbps
19679,Not Disclosed
51218,Not Disclosed
16150,50-100 Gbps
10490,Not Disclosed
16154,Not Disclosed
32397,20-100Mbps
52439,1-5Gbps
52438,1-5Gbps
60522,1-5Gbps
56990,Not Disclosed
52431,100-1000Mbps
25780,20-50 Gbps
262715,1-5Gbps
262716,100-1000Mbps
262717,100-1000Mbps
27323,1-5Gbps
27325,100-1000Mbps
46416,Not Disclosed
45498,5-10Gbps
14970,10-20Gbps
45147,10-20Gbps
45496,100-1000Mbps
25255,50-100 Gbps
198719,0-20 Mbps
393752,Not Disclosed
6057,100+ Gbps
10000,10-20Gbps
10001,100-1000Mbps
10002,100-1000Mbps
2635,100+ Gbps
36898,Not Disclosed
9229,100-1000Mbps
9595,Not Disclosed
9592,100-1000Mbps
34868,Not Disclosed
12359,100-1000Mbps
12353,Not Disclosed
12350,1-5Gbps
12355,5-10Gbps
42861,20-50 Gbps
63383,5-10Gbps
9044,10-20Gbps
49808,Not Disclosed
37271,Not Disclosed
49800,20-50 Gbps
49801,Not Disclosed
24077,1-5Gbps
37276,100-1000Mbps
45727,Not Disclosed
20976,1-5Gbps
45725,1-5Gbps
41445,1-5Gbps
44454,Not Disclosed
26785,1-5Gbps
40715,1-5Gbps
26788,1-5Gbps
766,10-20Gbps
54299,100-1000Mbps
62387,1-5Gbps
58738,Not Disclosed
47841,1-5Gbps
13005,100-1000Mbps
13004,50-100 Gbps
13002,5-10Gbps
264470,100-1000Mbps
13009,100-1000Mbps
263128,100-1000Mbps
31265,20-100Mbps
263126,1-5Gbps
132394,100-1000Mbps
14589,1-5Gbps
3130,20-100Mbps
14585,1-5Gbps
18001,20-50 Gbps
27525,100+ Gbps
27524,50-100 Gbps
20207,20-50 Gbps
15988,0-20 Mbps
44444,Not Disclosed
31400,20-50 Gbps
31402,100-1000Mbps
51514,100-1000Mbps
5769,500-1000 Gbps
23576,100+ Gbps
5764,100-1000Mbps
27665,20-50 Gbps
5409,1-5Gbps
28801,Not Disclosed
6435,20-100Mbps
42590,1-5Gbps
23310,0-20 Mbps
23316,1-5Gbps
23314,10-20Gbps
47155,1-5Gbps
48858,10-20Gbps
30971,0-20 Mbps
12512,Not Disclosed
12513,1-5Gbps
39256,100-1000Mbps
39257,100-1000Mbps
16523,Not Disclosed
24183,1-5Gbps
197922,10-20Gbps
12635,Not Disclosed
12634,Not Disclosed
12637,1-5Gbps
12638,20-50 Gbps
42525,50-100 Gbps
50606,20-50 Gbps
50607,200-300 Gbps
60955,5-10Gbps
393280,100-1000Mbps
19531,20-50 Gbps
28665,10-20Gbps
32181,Not Disclosed
22047,100-200 Gbps
12189,50-100 Gbps
12188,Not Disclosed
12187,100-1000Mbps
43436,20-100Mbps
46609,Not Disclosed
21788,20-50 Gbps
21968,Not Disclosed
49653,1-5Gbps
46600,Not Disclosed
3737,50-100 Gbps
4691,Not Disclosed
4922,Not Disclosed
2134,Not Disclosed
4927,1-5Gbps
4694,Not Disclosed
4697,20-100Mbps
41872,10-20Gbps
199659,100-1000Mbps
11726,0-20 Mbps
11722,1-5Gbps
53118,100-1000Mbps
53116,100-1000Mbps
53115,1-5Gbps
57169,10-20Gbps
53113,100-1000Mbps
53112,1-5Gbps
53111,100-1000Mbps
197540,Not Disclosed
197541,10-20Gbps
14007,100-1000Mbps
20783,100-1000Mbps
52604,1-5Gbps
36408,500-1000 Gbps
4809,20-50 Gbps
57381,Not Disclosed
58389,10-20Gbps
62734,Not Disclosed
62731,5-10Gbps
54603,Not Disclosed
58381,Not Disclosed
26288,1-5Gbps
34803,1-5Gbps
34806,0-20 Mbps
20569,1-5Gbps
48528,1-5Gbps
48526,20-50 Gbps
20565,Not Disclosed
48297,100-1000Mbps
48291,1-5Gbps
20562,100+ Gbps
48293,20-50 Gbps
57516,1-5Gbps
44608,20-50 Gbps
133702,5-10Gbps
4779,Not Disclosed
263444,10-20Gbps
41653,100-1000Mbps
41659,100-1000Mbps
6848,Not Disclosed
263603,100+ Gbps
29329,1-5Gbps
40387,5-10Gbps
14571,100-1000Mbps
29452,1-5Gbps
198291,20-100Mbps
198290,100-1000Mbps
30851,5-10Gbps
15535,Not Disclosed
15533,1-5Gbps
39405,100-1000Mbps
31672,100-1000Mbps
31673,1-5Gbps
31677,100-1000Mbps
7632,50-100 Gbps
7631,1-5Gbps
37133,Not Disclosed
8784,Not Disclosed
34119,5-10Gbps
394010,100-1000Mbps
4436,1 Tbps+
40528,Not Disclosed
17732,1-5Gbps
32272,0-20 Mbps
1241,100+ Gbps
27984,5-10Gbps
28328,100-1000Mbps
23148,Not Disclosed
28327,100-1000Mbps
16030,5-10Gbps
262952,100-1000Mbps
22548,1-5Gbps
29691,Not Disclosed
22546,0-20 Mbps
39681,20-100Mbps
56308,1-5Gbps
201641,Not Disclosed
38310,20-100Mbps
28140,100-1000Mbps
28141,1-5Gbps
28146,5-10Gbps
28144,100-1000Mbps
393545,Not Disclosed
38915,100-1000Mbps
35579,20-100Mbps
31898,Not Disclosed
35575,5-10Gbps
35574,1-5Gbps
11537,50-100 Gbps
61417,1-5Gbps
51728,100-1000Mbps
262778,1-5Gbps
262772,100-1000Mbps
262773,1-5Gbps
262777,100-1000Mbps
262775,100-1000Mbps
35733,20-100Mbps
27345,1-5Gbps
200995,Not Disclosed
25273,5-10Gbps
25279,100-1000Mbps
52458,20-100Mbps
39792,200-300 Gbps
9201,Not Disclosed
36874,100-1000Mbps
9208,Not Disclosed
198599,1-5Gbps
7386,1-5Gbps
7385,20-50 Gbps
33139,5-10Gbps
33132,20-50 Gbps
33130,1-5Gbps
43782,5-10Gbps
9063,100-1000Mbps
44295,100-1000Mbps
9066,Not Disclosed
53494,Not Disclosed
49820,100-1000Mbps
42841,10-20Gbps
21574,1-5Gbps
21575,1-5Gbps
42845,100-1000Mbps
3561,1 Tbps+
17483,Not Disclosed
40739,5-10Gbps
198335,Not Disclosed
2907,Not Disclosed
2906,1 Tbps+
133579,Not Disclosed
701,100+ Gbps
702,Not Disclosed
703,Not Disclosed
33791,0-20 Mbps
64013,100-1000Mbps
58243,Not Disclosed
14613,1-5Gbps
38670,200-300 Gbps
31243,100-1000Mbps
31242,Not Disclosed
31793,5-10Gbps
28796,0-20 Mbps
11081,Not Disclosed
33864,100-1000Mbps
62059,Not Disclosed
20225,1-5Gbps
29844,1-5Gbps
29846,100-1000Mbps
197595,Not Disclosed
23550,Not Disclosed
23089,20-50 Gbps
132111,20-100Mbps
51531,20-100Mbps
35551,Not Disclosed
29154,1-5Gbps
29152,5-10Gbps
25861,100-1000Mbps
29158,100-1000Mbps
23882,Not Disclosed
262540,100-1000Mbps
47172,100-1000Mbps
23881,20-50 Gbps
20340,1-5Gbps
34567,1-5Gbps
34568,Not Disclosed
12578,Not Disclosed
23308,100-1000Mbps
12573,1-5Gbps
12570,5-10Gbps
12576,Not Disclosed
12577,20-100Mbps
12574,100-1000Mbps
35742,100+ Gbps
31424,1-5Gbps
35746,100-1000Mbps
35745,5-10Gbps
51395,5-10Gbps
19089,100-1000Mbps
16503,Not Disclosed
12617,Not Disclosed
200852,5-10Gbps
12615,5-10Gbps
6623,Not Disclosed
12611,1-5Gbps
26592,20-50 Gbps
52846,100-1000Mbps
52840,10-20Gbps
52841,1-5Gbps
24736,100-1000Mbps
50629,1-5Gbps
50625,5-10Gbps
50620,Not Disclosed
19889,5-10Gbps
19551,Not Disclosed
61888,1-5Gbps
21011,100+ Gbps
327794,100-1000Mbps
4716,Not Disclosed
4711,Not Disclosed
4713,300-500 Gbps
31939,10-20Gbps
25489,100-1000Mbps
200742,100-1000Mbps
46337,Not Disclosed
41811,1-5Gbps
2711,Not Disclosed
17676,1 Tbps+
17673,1-5Gbps
4678,1-5Gbps
4677,Not Disclosed
2484,100-1000Mbps
63956,Not Disclosed
20766,100-1000Mbps
57141,Not Disclosed
62537,1-5Gbps
29001,20-100Mbps
17019,1-5Gbps
17012,5-10Gbps
20764,Not Disclosed
53828,Not Disclosed
28122,Not Disclosed
197043,20-50 Gbps
48504,100-1000Mbps
48500,1-5Gbps
62288,Not Disclosed
9165,Not Disclosed
20500,5-10Gbps
20501,0-20 Mbps
20507,10-20Gbps
20504,100+ Gbps
53082,100-1000Mbps
36687,100-1000Mbps
36683,20-100Mbps
54444,Not Disclosed
17169,Not Disclosed
42109,10-20Gbps
41103,20-100Mbps
6824,100-1000Mbps
264531,100-1000Mbps
63221,20-100Mbps
29301,100-1000Mbps
29305,1-5Gbps
14282,1-5Gbps
8816,1-5Gbps
14280,1-5Gbps
18278,1-5Gbps
33309,20-100Mbps
37333,20-100Mbps
30653,1-5Gbps
8218,300-500 Gbps
59455,Not Disclosed
59900,100+ Gbps
15085,Not Disclosed
8744,50-100 Gbps
30873,20-50 Gbps
8741,100-1000Mbps
30870,100-1000Mbps
57957,5-10Gbps
6679,20-50 Gbps
31653,20-100Mbps
31655,10-20Gbps
37159,Not Disclosed
57433,5-10Gbps
37150,100-1000Mbps
37154,100-1000Mbps
37157,Not Disclosed
34171,100-1000Mbps
34177,Not Disclosed
202010,100-1000Mbps
263087,1-5Gbps
202019,Not Disclosed
263080,5-10Gbps
28306,5-10Gbps
11142,100-1000Mbps
28303,20-50 Gbps
28309,1-5Gbps
262979,100-1000Mbps
38084,100-1000Mbps
15479,20-100Mbps
38082,300-500 Gbps
262971,1-5Gbps
262972,20-100Mbps
263885,100-1000Mbps
131584,Not Disclosed
28163,100-1000Mbps
132581,1-5Gbps
28165,1-5Gbps
28166,Not Disclosed
28168,20-50 Gbps
28169,Not Disclosed
34683,Not Disclosed
34688,100-1000Mbps
38333,5-10Gbps
11835,10-20Gbps
393565,Not Disclosed
54176,100-1000Mbps
35228,100+ Gbps
35559,20-100Mbps
18566,10-20Gbps
51744,100-1000Mbps
11556,5-10Gbps
26769,100-200 Gbps
262288,100-1000Mbps
51706,Not Disclosed
22212,100+ Gbps
48885,5-10Gbps
25074,20-50 Gbps
20640,1-5Gbps
60564,100-1000Mbps
262757,100-1000Mbps
262750,5-10Gbps
27367,1-5Gbps
25295,1-5Gbps
25291,Not Disclosed
260,1-5Gbps
51873,100-1000Mbps
55822,10-20Gbps
32028,1-5Gbps
56730,100-1000Mbps
37425,100-1000Mbps
17246,Not Disclosed
57463,50-100 Gbps
9266,Not Disclosed
53708,100-1000Mbps
9264,10-20Gbps
37353,1-5Gbps
9269,300-500 Gbps
9268,Not Disclosed
36856,5-10Gbps
49594,5-10Gbps
37422,100-1000Mbps
63034,5-10Gbps
12399,1-5Gbps
58882,5-10Gbps
12392,100-200 Gbps
58885,20-100Mbps
12390,50-100 Gbps
134355,20-100Mbps
45102,Not Disclosed
9080,100-1000Mbps
49375,100-1000Mbps
46811,1-5Gbps
49373,50-100 Gbps
5089,1 Tbps+
5087,Not Disclosed
199335,5-10Gbps
199332,20-100Mbps
47358,1-5Gbps
199339,Not Disclosed
327813,20-100Mbps
18599,Not Disclosed
51468,5-10Gbps
14633,1-5Gbps
18596,1-5Gbps
30466,5-10Gbps
38651,1-5Gbps
38657,1-5Gbps
13049,100-1000Mbps
36143,1-5Gbps
13041,10-20Gbps
36149,Not Disclosed
33515,1-5Gbps
33517,Not Disclosed
33843,1-5Gbps
33842,1-5Gbps
18046,1-5Gbps
18049,10-20Gbps
58715,1-5Gbps
62078,100-1000Mbps
15072,1-5Gbps
17819,1-5Gbps
30798,1-5Gbps
29791,Not Disclosed
132132,20-50 Gbps
263308,1-5Gbps
47998,100-1000Mbps
47999,Not Disclosed
27626,100-1000Mbps
17747,5-10Gbps
48961,1-5Gbps
31222,100-1000Mbps
27822,Not Disclosed
28757,Not Disclosed
29170,20-50 Gbps
262569,100-1000Mbps
262561,Not Disclosed
47195,10-20Gbps
8553,Not Disclosed
12552,100+ Gbps
8551,200-300 Gbps
8554,100-1000Mbps
34549,10-20Gbps
27193,Not Disclosed
27194,100-1000Mbps
8001,10-20Gbps
8002,50-100 Gbps
393717,100-1000Mbps
393713,Not Disclosed
39216,20-50 Gbps
7469,20-100Mbps
35949,Not Disclosed
35761,10-20Gbps
16073,100-1000Mbps
52866,1-5Gbps
52861,1-5Gbps
52863,5-10Gbps
52869,20-100Mbps
22663,100-1000Mbps
50643,10-20Gbps
4685,Not Disclosed
22004,Not Disclosed
327775,100-1000Mbps
4657,100+ Gbps
52399,100-1000Mbps
4651,200-300 Gbps
56833,Not Disclosed
63931,Not Disclosed
35788,Not Disclosed
52644,100-1000Mbps
62512,0-20 Mbps
109,Not Disclosed
101,10-20Gbps
2107,5-10Gbps
36444,Not Disclosed
36445,1-5Gbps
36446,Not Disclosed
21928,Not Disclosed
41349,1-5Gbps
48564,1-5Gbps
45845,100-1000Mbps
45668,100-1000Mbps
32432,1-5Gbps
16927,20-50 Gbps
133748,100-1000Mbps
12236,100-1000Mbps
196670,Not Disclosed
15716,1-5Gbps
41690,1 Tbps+
41164,Not Disclosed
41695,Not Disclosed
10566,Not Disclosed
10565,1-5Gbps
57879,Not Disclosed
9749,100-1000Mbps
43252,20-50 Gbps
24157,20-50 Gbps
21430,5-10Gbps
49788,Not Disclosed
8839,5-10Gbps
37312,20-100Mbps
37315,Not Disclosed
18924,5-10Gbps
7679,50-100 Gbps
7672,5-10Gbps
7670,10-20Gbps
7671,Not Disclosed
37177,0-20 Mbps
58691,10-20Gbps
37172,100-1000Mbps
37179,Not Disclosed
132839,1-5Gbps
132837,10-20Gbps
37640,Not Disclosed
29583,100-1000Mbps
24521,1-5Gbps
24523,1-5Gbps
202032,1-5Gbps
28362,1-5Gbps
28360,5-10Gbps
47692,10-20Gbps
28366,1-5Gbps
47694,5-10Gbps
28364,1-5Gbps
11164,100+ Gbps
28368,50-100 Gbps
12703,1-5Gbps
8764,100+ Gbps
8767,100+ Gbps
8763,100-1000Mbps
680,100-200 Gbps
263209,1-5Gbps
394149,Not Disclosed
28186,10-20Gbps
28187,100-1000Mbps
28182,20-100Mbps
28183,1-5Gbps
8492,20-50 Gbps
8491,5-10Gbps
8495,100-1000Mbps
31017,1-5Gbps
34159,0-20 Mbps
35206,20-100Mbps
28986,100-1000Mbps
23274,Not Disclosed
42416,Not Disclosed
19381,Not Disclosed
53871,100-1000Mbps
25720,Not Disclosed
6789,100+ Gbps
27381,Not Disclosed
57262,Not Disclosed
55803,Not Disclosed
55800,100-1000Mbps
19969,100-1000Mbps
16245,10-20Gbps
16246,Not Disclosed
16712,20-100Mbps
16713,20-50 Gbps
16242,Not Disclosed
16243,10-20Gbps
12008,100-1000Mbps
12009,1-5Gbps
51605,5-10Gbps
133873,Not Disclosed
1248,Not Disclosed
7496,Not Disclosed
9534,Not Disclosed
9245,Not Disclosed
9246,5-10Gbps
46786,1 Tbps+
49572,Not Disclosed
45474,Not Disclosed
24095,500-1000 Gbps
44788,Not Disclosed
24093,Not Disclosed
24098,0-20 Mbps
46873,1-5Gbps
45780,Not Disclosed
38511,1-5Gbps
14651,Not Disclosed
14877,Not Disclosed
37273,100-1000Mbps
3549,1 Tbps+
58209,200-300 Gbps
38639,Not Disclosed
13064,100-1000Mbps
36167,100-1000Mbps
36168,1-5Gbps
44259,1-5Gbps
132330,1-5Gbps
54183,Not Disclosed
54182,Not Disclosed
27814,5-10Gbps
41572,1-5Gbps
27541,100-1000Mbps
38182,1-5Gbps
38181,100-1000Mbps
44431,Not Disclosed
133536,20-100Mbps
44436,Not Disclosed
133534,Not Disclosed
29802,50-100 Gbps
23518,Not Disclosed
1140,0-20 Mbps
47207,Not Disclosed
59554,100-1000Mbps
59550,Not Disclosed
39583,1-5Gbps
29119,200-300 Gbps
29117,Not Disclosed
15296,1-5Gbps
12826,100-1000Mbps
8535,1-5Gbps
12822,1-5Gbps
55329,10-20Gbps
5557,20-100Mbps
52803,20-100Mbps
4280,100-1000Mbps
199952,100-1000Mbps
26554,Not Disclosed
28640,1-5Gbps
28642,5-10Gbps
24776,20-100Mbps
29462,100-1000Mbps
666666,Not Disclosed
29467,5-10Gbps
327750,100-1000Mbps
28670,100-1000Mbps
31972,Not Disclosed
43323,10-20Gbps
31976,5-10Gbps
16016,100-1000Mbps
17639,Not Disclosed
4637,500-1000 Gbps
4635,300-500 Gbps
4638,1-5Gbps
60241,Not Disclosed
57670,100-1000Mbps
39925,100-1000Mbps
20722,5-10Gbps
20893,20-100Mbps
20899,100-1000Mbps
36315,100-1000Mbps
160,5-10Gbps
64035,0-20 Mbps
26299,Not Disclosed
46664,Not Disclosed
42492,20-100Mbps
2734,1-5Gbps
45648,5-10Gbps
45646,Not Disclosed
13657,20-100Mbps
41364,5-10Gbps
9186,Not Disclosed
10367,Not Disclosed
9189,100-1000Mbps
16904,Not Disclosed
263432,100-1000Mbps
196650,1-5Gbps
31263,0-20 Mbps
21413,20-50 Gbps
21412,10-20Gbps
8859,500-1000 Gbps
803,Not Disclosed
8851,1-5Gbps
26827,50-100 Gbps
197653,Not Disclosed
264574,1-5Gbps
18451,100-1000Mbps
18364,Not Disclosed
24541,100-1000Mbps
33470,5-10Gbps
17996,100-1000Mbps
17995,100-1000Mbps
62131,Not Disclosed
262934,100-1000Mbps
14463,100-1000Mbps
28343,Not Disclosed
262933,5-10Gbps
34313,100-1000Mbps
59497,1-5Gbps
15594,20-100Mbps
7606,20-50 Gbps
15598,50-100 Gbps
8708,500-1000 Gbps
31564,5-10Gbps
31562,Not Disclosed
13857,100-1000Mbps
13855,5-10Gbps
5605,Not Disclosed
5607,1 Tbps+
17378,10-20Gbps
5600,1-5Gbps
5603,10-20Gbps
5602,10-20Gbps
47447,Not Disclosed
35592,10-20Gbps
35591,1-5Gbps
8943,100-1000Mbps
35267,1-5Gbps
35266,Not Disclosed
23252,1-5Gbps
132679,20-100Mbps
23700,50-100 Gbps
23702,Not Disclosed
30961,100-1000Mbps
30962,1-5Gbps
39391,20-100Mbps
39392,200-300 Gbps
197882,10-20Gbps
25700,50-100 Gbps
37002,1-5Gbps
262790,Not Disclosed
55799,10-20Gbps
262793,1-5Gbps
6768,50-100 Gbps
6766,100-1000Mbps
6762,1 Tbps+
6760,100-1000Mbps
39020,10-20Gbps
393523,5-10Gbps
56111,100-1000Mbps
39029,1-5Gbps
16735,200-300 Gbps
16737,100-1000Mbps
12025,5-10Gbps
226,Not Disclosed
55862,Not Disclosed
55865,Not Disclosed
131322,5-10Gbps
43843,20-100Mbps
21623,Not Disclosed
132255,Not Disclosed
21628,100-1000Mbps
65536,Not Disclosed
65537,Not Disclosed
45411,100-1000Mbps
45415,1-5Gbps
64952,Not Disclosed
199150,100-1000Mbps
2500,Not Disclosed
200023,Not Disclosed
200020,Not Disclosed
200759,100-1000Mbps
17170,20-50 Gbps
22829,1-5Gbps
22822,1 Tbps+
22820,Not Disclosed
60475,1-5Gbps
53740,Not Disclosed
57423,1-5Gbps
36817,5-10Gbps
36815,20-100Mbps
9519,Not Disclosed
33083,100-1000Mbps
33739,Not Disclosed
58226,Not Disclosed
18559,Not Disclosed
18886,10-20Gbps
18881,500-1000 Gbps
265304,100-1000Mbps
0,0-20 Mbps
133332,20-100Mbps
44237,50-100 Gbps
18779,20-50 Gbps
33882,Not Disclosed
23175,Not Disclosed
33554,Not Disclosed
33885,Not Disclosed
27833,5-10Gbps
48061,500-1000 Gbps
41552,10-20Gbps
39626,5-10Gbps
39621,Not Disclosed
29752,100-1000Mbps
39628,5-10Gbps
198423,20-100Mbps
29286,Not Disclosed
262526,100-1000Mbps
1120,20-100Mbps
1126,5-10Gbps
25885,5-10Gbps
15108,5-10Gbps
15101,Not Disclosed
29131,Not Disclosed
18081,20-50 Gbps
8517,Not Disclosed
8514,Not Disclosed
34056,1-5Gbps
8513,Not Disclosed
8047,20-50 Gbps
8518,1-5Gbps
12849,Not Disclosed
12843,5-10Gbps
35908,100+ Gbps
26615,Not Disclosed
50468,Not Disclosed
50469,Not Disclosed
133802,20-100Mbps
44902,1-5Gbps
26613,Not Disclosed
47228,20-50 Gbps
24284,10-20Gbps
61029,1-5Gbps
61026,Not Disclosed
52828,100-1000Mbps
52822,100-1000Mbps
52824,100-1000Mbps
24753,100-1000Mbps
24751,5-10Gbps
50683,5-10Gbps
28663,10-20Gbps
23393,100+ Gbps
28667,1-5Gbps
28666,5-10Gbps
28889,1-5Gbps
28668,5-10Gbps
61244,100-1000Mbps
13647,Not Disclosed
13646,Not Disclosed
13645,5-10Gbps
4775,Not Disclosed
29965,Not Disclosed
4770,Not Disclosed
31950,1-5Gbps
26282,10-20Gbps
13649,5-10Gbps
12519,1-5Gbps
58531,Not Disclosed
51483,100-1000Mbps
55651,20-50 Gbps
19029,1-5Gbps
51338,Not Disclosed
16039,Not Disclosed
32277,0-20 Mbps
58321,5-10Gbps
55658,5-10Gbps
19754,1-5Gbps
19752,5-10Gbps
32903,100-1000Mbps
19750,Not Disclosed
17619,Not Disclosed
56656,1-5Gbps
56654,Not Disclosed
17346,Not Disclosed
56876,10-20Gbps
52352,100-1000Mbps
25394,Not Disclosed
4610,20-50 Gbps
262476,10-20Gbps
23930,5-10Gbps
23939,50-100 Gbps
51159,100-1000Mbps
60044,20-100Mbps
20878,Not Disclosed
20704,100-1000Mbps
36374,5-10Gbps
53889,20-100Mbps
25577,5-10Gbps
42306,1-5Gbps
16696,20-50 Gbps
42303,100-1000Mbps
17408,20-50 Gbps
45629,100+ Gbps
204027,20-100Mbps
53088,100-1000Mbps
53080,1-5Gbps
9167,1-5Gbps
53085,1-5Gbps
16960,5-10Gbps
52685,100-1000Mbps
52681,20-100Mbps
52689,5-10Gbps
12276,Not Disclosed
53224,100-1000Mbps
53226,Not Disclosed
53221,5-10Gbps
53222,1-5Gbps
63242,10-20Gbps
21478,Not Disclosed
37358,1-5Gbps
8879,1-5Gbps
37356,Not Disclosed
21473,20-100Mbps
24115,Not Disclosed
21476,100-1000Mbps
45335,Not Disclosed
44574,1-5Gbps
132876,10-20Gbps
12496,1-5Gbps
264228,100-1000Mbps
15826,1-5Gbps
264552,100-1000Mbps
14442,5-10Gbps
11123,100-1000Mbps
14333,100-1000Mbps
33941,Not Disclosed
5533,Not Disclosed
17978,100-1000Mbps
8723,1-5Gbps
34997,1-5Gbps
30361,Not Disclosed
13878,1-5Gbps
50858,20-100Mbps
31019,100-1000Mbps
4181,100+ Gbps
13871,20-100Mbps
50857,100-1000Mbps
31543,1-5Gbps
5662,20-50 Gbps
5664,1-5Gbps
5669,20-100Mbps
34197,1-5Gbps
14833,Not Disclosed
12470,Not Disclosed
6407,20-50 Gbps
6405,10-20Gbps
61493,100-1000Mbps
3908,Not Disclosed
28717,Not Disclosed
198988,100-1000Mbps
32592,10-20Gbps
32590,1 Tbps+
21034,1-5Gbps
56460,1-5Gbps
35244,Not Disclosed
39040,Not Disclosed
9957,100+ Gbps
50148,100-1000Mbps
19255,5-10Gbps
51815,1-5Gbps
16206,1-5Gbps
209,Not Disclosed
55518,Not Disclosed
32738,100-1000Mbps
12042,1-5Gbps
12041,100-1000Mbps
56791,5-10Gbps
45536,100-1000Mbps
25761,200-300 Gbps
25764,Not Disclosed
21864,5-10Gbps
2527,Not Disclosed
45437,1-5Gbps
45435,20-100Mbps
2529,Not Disclosed
45430,100-200 Gbps
201206,Not Disclosed
57228,Not Disclosed
11468,5-10Gbps
38550,1-5Gbps
17151,5-10Gbps
17409,1-5Gbps
52546,100-1000Mbps
52545,100-1000Mbps
45348,100-1000Mbps
52549,100-1000Mbps
17400,500-1000 Gbps
38809,10-20Gbps
25187,1-5Gbps
25180,Not Disclosed
25182,100+ Gbps
10759,1-5Gbps
53948,Not Disclosed
36295,Not Disclosed
53766,Not Disclosed
53767,10-20Gbps
5392,100-1000Mbps
5391,Not Disclosed
5390,50-100 Gbps
5396,50-100 Gbps
5394,100-1000Mbps
33713,Not Disclosed
58792,1-5Gbps
58793,100-1000Mbps
54235,100-1000Mbps
64200,5-10Gbps
45294,Not Disclosed
20115,Not Disclosed
64209,Not Disclosed
44219,20-100Mbps
133318,100-1000Mbps
44212,100-1000Mbps
44217,50-100 Gbps
132998,Not Disclosed
27589,50-100 Gbps
59325,100-1000Mbps
196752,20-50 Gbps
39602,20-100Mbps
786,200-300 Gbps
9394,Not Disclosed
29737,Not Disclosed
39605,20-50 Gbps
39608,50-100 Gbps
198408,1-5Gbps
39545,5-10Gbps
39543,50-100 Gbps
31712,Not Disclosed
31715,100+ Gbps
263499,20-100Mbps
7155,50-100 Gbps
37656,100-1000Mbps
33576,10-20Gbps
37652,100-1000Mbps
37650,Not Disclosed
7690,5-10Gbps
37658,Not Disclosed
8068,Not Disclosed
39600,20-100Mbps
26679,100-1000Mbps
262822,1-5Gbps
26677,Not Disclosed
47242,100-1000Mbps
1103,Not Disclosed
23005,5-10Gbps
28065,100-1000Mbps
28066,1-5Gbps
22355,100-1000Mbps
22356,50-100 Gbps
22351,Not Disclosed
8897,10-20Gbps
38235,1-5Gbps
28604,500-1000 Gbps
28606,Not Disclosed
4693,1-5Gbps
4795,5-10Gbps
132730,100-1000Mbps
197985,100-1000Mbps
197981,Not Disclosed
19009,10-20Gbps
51313,100-1000Mbps
55674,1-5Gbps
56329,100-1000Mbps
60205,Not Disclosed
6903,Not Disclosed
25376,100-1000Mbps
25375,Not Disclosed
262459,100-1000Mbps
262454,100-1000Mbps
23913,Not Disclosed
61266,100-1000Mbps
25512,20-50 Gbps
36351,1 Tbps+
53114,100-1000Mbps
42366,Not Disclosed
42369,100-1000Mbps
52376,50-100 Gbps
12786,100-1000Mbps
39832,Not Disclosed
39839,0-20 Mbps
9498,500-1000 Gbps
16414,100-1000Mbps
16942,Not Disclosed
9143,500-1000 Gbps
9497,10-20Gbps
61914,100-1000Mbps
12252,50-100 Gbps
42184,100-1000Mbps
61919,20-100Mbps
20857,100-1000Mbps
20850,20-50 Gbps
20853,20-50 Gbps
53201,Not Disclosed
35843,Not Disclosed
9729,Not Disclosed
21321,20-50 Gbps
24130,5-10Gbps
63516,5-10Gbps
45960,1-5Gbps
3464,Not Disclosed
37403,20-100Mbps
22989,100-1000Mbps
8893,5-10Gbps
45352,5-10Gbps
45356,Not Disclosed
204003,Not Disclosed
44009,Not Disclosed
44000,1-5Gbps
44002,1-5Gbps
197617,Not Disclosed
26163,10-20Gbps
132857,1-5Gbps
13127,Not Disclosed
13124,50-100 Gbps
13122,5-10Gbps
15808,20-100Mbps
15802,20-50 Gbps
33968,100-1000Mbps
33965,5-10Gbps
58587,5-10Gbps
58580,1-5Gbps
54002,Not Disclosed
27446,5-10Gbps
17958,1-5Gbps
17951,Not Disclosed
17955,1-5Gbps
38001,5-10Gbps
31529,100-1000Mbps
31523,100-1000Mbps
5645,300-500 Gbps
29075,Not Disclosed
29076,200-300 Gbps
40581,Not Disclosed
29073,100-200 Gbps
47057,5-10Gbps
28294,5-10Gbps
28292,1-5Gbps
47720,Not Disclosed
28299,5-10Gbps
48620,1-5Gbps
51782,100-1000Mbps
6461,100+ Gbps
6462,Not Disclosed
30925,1-5Gbps
12414,Not Disclosed
15377,200-300 Gbps
35000,50-100 Gbps
35002,20-50 Gbps
50837,100-1000Mbps
263269,100-1000Mbps
6723,10-20Gbps
8304,1-5Gbps
8302,50-100 Gbps
8301,5-10Gbps
6724,Not Disclosed
200937,100-1000Mbps
8309,10-20Gbps
8308,5-10Gbps
9931,5-10Gbps
9930,Not Disclosed
9934,1-5Gbps
55536,1-5Gbps
16773,1-5Gbps
32710,1-5Gbps
21844,50-100 Gbps
21840,100-1000Mbps
49515,Not Disclosed
48294,Not Disclosed
3676,10-20Gbps
2544,Not Disclosed
48292,1-5Gbps
57208,1-5Gbps
57202,Not Disclosed
197422,100-1000Mbps
58002,10-20Gbps
197426,500-1000 Gbps
38828,20-100Mbps
38826,100-1000Mbps
17426,Not Disclosed
52527,100-1000Mbps
13332,100-1000Mbps
13331,20-50 Gbps
13335,Not Disclosed
9559,Not Disclosed
53922,Not Disclosed
28284,1-5Gbps
58910,100-1000Mbps
48642,Not Disclosed
20130,1-5Gbps
44765,1-5Gbps
262271,1-5Gbps
39995,Not Disclosed
44763,100-1000Mbps
41046,20-50 Gbps
45014,1-5Gbps
41045,1-5Gbps
45012,20-100Mbps
27879,1-5Gbps
59758,Not Disclosed
59752,Not Disclosed
133592,Not Disclosed
44497,1-5Gbps
44494,100-1000Mbps
29246,Not Disclosed
29243,Not Disclosed
57976,20-50 Gbps
37090,100-1000Mbps
18516,Not Disclosed
8932,Not Disclosed
37098,100-1000Mbps
8939,1-5Gbps
34279,Not Disclosed
34274,1-5Gbps
15149,Not Disclosed
34270,5-10Gbps
39520,1-5Gbps
1798,1-5Gbps
31736,1-5Gbps
37678,5-10Gbps
37674,1 Tbps+
33597,20-50 Gbps
37670,Not Disclosed
34019,100-1000Mbps
131997,20-100Mbps
34011,10-20Gbps
12883,Not Disclosed
50316,1-5Gbps
44943,5-10Gbps
44946,100-1000Mbps
44948,5-10Gbps
39295,100-1000Mbps
24249,100-1000Mbps
24243,Not Disclosed
23028,Not Disclosed
28598,10-20Gbps
197727,Not Disclosed
28591,100-1000Mbps
28590,100-1000Mbps
47914,10-20Gbps
47264,1-5Gbps
28594,100-1000Mbps
199937,100-1000Mbps
31196,1-5Gbps
4224,Not Disclosed
199939,Not Disclosed
327909,Not Disclosed
327908,Not Disclosed
5587,100-1000Mbps
28624,5-10Gbps
5580,1 Tbps+
24796,20-100Mbps
5588,200-300 Gbps
11274,100-1000Mbps
11272,Not Disclosed
13681,1-5Gbps
13680,Not Disclosed
43341,20-100Mbps
23688,5-10Gbps
25358,Not Disclosed
25689,1-5Gbps
51198,1-5Gbps
262434,1-5Gbps
22085,Not Disclosed
61287,Not Disclosed
32365,1-5Gbps
42344,Not Disclosed
42346,20-100Mbps
13445,Not Disclosed
17306,50-100 Gbps
52317,100-1000Mbps
6734,100-1000Mbps
6735,5-10Gbps
9120,1-5Gbps
59384,50-100 Gbps
9123,1-5Gbps
10654,Not Disclosed
53046,100-1000Mbps
10302,100-1000Mbps
10653,1-5Gbps
35655,100-1000Mbps
8237,100-1000Mbps
20836,10-20Gbps
20834,100-1000Mbps
63287,100-1000Mbps
57068,Not Disclosed
53597,1-5Gbps
53264,5-10Gbps
37468,5-10Gbps
21309,1-5Gbps
38457,1-5Gbps
38456,100-1000Mbps
22964,Not Disclosed
199256,Not Disclosed
199706,1-5Gbps
48252,Not Disclosed
57315,Not Disclosed
44020,Not Disclosed
62489,5-10Gbps
13105,100-1000Mbps
13101,20-50 Gbps
37282,10-20Gbps
33446,5-10Gbps
62626,100-1000Mbps
58666,100-1000Mbps
38022,Not Disclosed
17939,100-1000Mbps
14371,Not Disclosed
27464,1-5Gbps
45957,Not Disclosed
45950,Not Disclosed
55850,10-20Gbps
132529,100-1000Mbps
264480,Not Disclosed
41709,10-20Gbps
15685,10-20Gbps
17754,10-20Gbps
263061,100-1000Mbps
263062,100-1000Mbps
262883,100-1000Mbps
262229,1-5Gbps
28908,20-50 Gbps
47708,Not Disclosed
34486,20-100Mbps
6447,100-1000Mbps
6910,Not Disclosed
6911,Not Disclosed
12431,20-100Mbps
15422,5-10Gbps
31500,100+ Gbps
31055,20-50 Gbps
393670,Not Disclosed
31059,10-20Gbps
50763,100-1000Mbps
55081,20-50 Gbps
19475,Not Disclosed
32880,Not Disclosed
32881,20-100Mbps
9916,5-10Gbps
39087,1-5Gbps
24473,Not Disclosed
35283,1-5Gbps
55555,1-5Gbps
19214,1-5Gbps
22147,Not Disclosed
13746,0-20 Mbps
4058,Not Disclosed
43289,Not Disclosed
201798,100-1000Mbps
43284,20-100Mbps
393853,1-5Gbps
199139,100-1000Mbps
16832,1-5Gbps
57771,0-20 Mbps
17113,5-10Gbps
17444,Not Disclosed
196844,Not Disclosed
199396,100-1000Mbps
13354,100-1000Mbps
13357,20-100Mbps
13359,Not Disclosed
53901,20-100Mbps
49065,20-100Mbps
49063,5-10Gbps
20150,Not Disclosed
48626,1-5Gbps
41289,1-5Gbps
44706,Not Disclosed
46562,100+ Gbps
200043,1-5Gbps
42669,1-5Gbps
42884,20-100Mbps
21859,1 Tbps+
196713,Not Disclosed
134732,5-10Gbps
45037,1-5Gbps
28329,100-200 Gbps
39647,1-5Gbps
10464,100-1000Mbps
29260,0-20 Mbps
39642,Not Disclosed
29262,10-20Gbps
29263,20-100Mbps
53678,Not Disclosed
198440,100-1000Mbps
8912,100+ Gbps
8916,Not Disclosed
37079,1-5Gbps
37076,5-10Gbps
11845,100-1000Mbps
18534,100-1000Mbps
11841,5-10Gbps
15169,Not Disclosed
39506,100-1000Mbps
49931,1-5Gbps
37619,1-5Gbps
37611,20-50 Gbps
30041,Not Disclosed
50372,Not Disclosed
29998,Not Disclosed
202113,100-1000Mbps
202119,100-1000Mbps
29990,Not Disclosed
40627,Not Disclosed
28020,Not Disclosed
197000,0-20 Mbps
28026,100-1000Mbps
263544,1-5Gbps
263541,100-1000Mbps
13917,20-100Mbps
5568,5-10Gbps
5564,100-1000Mbps
5560,100-1000Mbps
38278,1-5Gbps
50597,20-50 Gbps
35612,20-50 Gbps
35616,Not Disclosed
302,5-10Gbps
31319,1-5Gbps
132770,Not Disclosed
132774,1-5Gbps
61049,Not Disclosed
58443,5-10Gbps
27790,100-1000Mbps
61044,100-1000Mbps
61730,100-1000Mbps
23951,1-5Gbps
23404,1-5Gbps
23958,1-5Gbps
35751,100-1000Mbps
35753,Not Disclosed
262792,100-1000Mbps
55944,100-1000Mbps
32346,Not Disclosed
16637,20-50 Gbps
12741,500-1000 Gbps
7412,100-1000Mbps
10925,Not Disclosed
10929,20-50 Gbps
10678,100-1000Mbps
53062,10-20Gbps
53061,1-5Gbps
53066,100-1000Mbps
53065,1-5Gbps
10674,1-5Gbps
61958,20-100Mbps
12293,20-100Mbps
17412,Not Disclosed
61950,5-10Gbps
61951,100-1000Mbps
12295,0-20 Mbps
61955,20-50 Gbps
20810,Not Disclosed
20811,5-10Gbps
9145,200-300 Gbps
20815,Not Disclosed
21360,Not Disclosed
200455,200-300 Gbps
49232,Not Disclosed
56943,5-10Gbps
38477,100-1000Mbps
38478,5-10Gbps
4589,200-300 Gbps
4581,5-10Gbps
4851,100-1000Mbps
58631,20-100Mbps
11986,1-5Gbps
53242,5-10Gbps
33920,Not Disclosed
54042,100-1000Mbps
54046,100-1000Mbps
54049,0-20 Mbps
18678,100+ Gbps
33258,Not Disclosed
41495,Not Disclosed
38043,10-20Gbps
38040,200-300 Gbps
45932,5-10Gbps
34934,Not Disclosed
45931,Not Disclosed
34932,Not Disclosed
30691,1-5Gbps
20365,1-5Gbps
44515,5-10Gbps
44514,Not Disclosed
44513,100-1000Mbps
40015,10-20Gbps
47541,1 Tbps+
12985,Not Disclosed
12989,1 Tbps+
9723,1-5Gbps
5505,100-1000Mbps
263042,100-1000Mbps
263047,20-50 Gbps
29037,Not Disclosed
47762,100-1000Mbps
47764,500-1000 Gbps
15401,Not Disclosed
6939,1 Tbps+
8121,100+ Gbps
39319,20-100Mbps
39318,1-5Gbps
26753,100-1000Mbps
39310,100-1000Mbps
31078,100-1000Mbps
45144,100-1000Mbps
50292,Not Disclosed
50295,1-5Gbps
50244,20-50 Gbps
19189,1-5Gbps
19181,20-50 Gbps
34758,1-5Gbps
8343,20-50 Gbps
8342,50-100 Gbps
34756,50-100 Gbps
28920,1-5Gbps
24457,Not Disclosed
28929,100-1000Mbps
22431,Not Disclosed
22438,Not Disclosed
26320,20-100Mbps
13768,Not Disclosed
263951,100-1000Mbps
13760,20-50 Gbps
55652,Not Disclosed
8896,1-5Gbps
197804,100-1000Mbps
3633,Not Disclosed
35407,Not Disclosed
35406,0-20 Mbps
11404,200-300 Gbps
11403,5-10Gbps
32751,Not Disclosed
19233,5-10Gbps
52075,50-100 Gbps
25473,Not Disclosed
25478,50-100 Gbps
13370,10-20Gbps
262605,100-1000Mbps
36273,100-1000Mbps
36275,100-1000Mbps
21804,10-20Gbps
24875,10-20Gbps
49009,100-1000Mbps
41268,10-20Gbps
45230,Not Disclosed
198908,Not Disclosed
36184,0-20 Mbps
16842,1-5Gbps
6327,500-1000 Gbps
6325,Not Disclosed
6320,1-5Gbps
46584,20-100Mbps
42605,20-100Mbps
199516,20-100Mbps
59865,100-1000Mbps
59715,100-1000Mbps
45054,100-1000Mbps
9667,Not Disclosed
10118,Not Disclosed
29208,50-100 Gbps
18804,Not Disclosed
63128,Not Disclosed
37053,100-1000Mbps
63124,Not Disclosed
54929,Not Disclosed
8972,50-100 Gbps
62838,100-1000Mbps
33005,100-1000Mbps
7132,100+ Gbps
1659,5-10Gbps
40604,Not Disclosed
44980,Not Disclosed
44981,1-5Gbps
133881,Not Disclosed
24203,50-100 Gbps
24206,Not Disclosed
35985,Not Disclosed
5407,Not Disclosed
5404,5-10Gbps
5403,10-20Gbps
47957,Not Disclosed
28009,1-5Gbps
5400,1 Tbps+
58404,100-1000Mbps
28001,Not Disclosed
5408,20-50 Gbps
34233,0-20 Mbps
38781,Not Disclosed
262832,1-5Gbps
35180,1-5Gbps
35184,100-1000Mbps
263566,100-1000Mbps
35189,20-100Mbps
327943,100-1000Mbps
18119,Not Disclosed
3701,5-10Gbps
54225,100-1000Mbps
5541,300-500 Gbps
30063,Not Disclosed
8596,100-1000Mbps
8591,10-20Gbps
31337,20-100Mbps
35369,Not Disclosed
31334,1 Tbps+
35366,5-10Gbps
132754,5-10Gbps
47377,20-50 Gbps
262380,100-1000Mbps
262387,100-1000Mbps
132020,20-100Mbps
11232,300-500 Gbps
262388,100-1000Mbps
11234,20-100Mbps
51409,Not Disclosed
51407,5-10Gbps
51406,Not Disclosed
51405,Not Disclosed
25649,1-5Gbps
25310,1-5Gbps
39122,1-5Gbps
9892,Not Disclosed
3262,100-1000Mbps
32329,1-5Gbps
42473,100+ Gbps
42476,50-100 Gbps
42477,1-5Gbps
55967,Not Disclosed
22591,20-50 Gbps
131222,20-50 Gbps
6130,5-10Gbps
12767,Not Disclosed
43406,Not Disclosed
58589,1-5Gbps
24990,5-10Gbps
24993,20-100Mbps
50066,10-20Gbps
59507,Not Disclosed
43074,Not Disclosed
199071,100-1000Mbps
21345,10-20Gbps
24195,1-5Gbps
3401,Not Disclosed
22921,1-5Gbps
22925,Not Disclosed
60595,Not Disclosed
4874,Not Disclosed
60592,1-5Gbps
53001,100-1000Mbps
10617,1-5Gbps
53008,1-5Gbps
31708,5-10Gbps
14116,Not Disclosed
58656,10-20Gbps
62993,Not Disclosed
17707,20-50 Gbps
17705,1-5Gbps
51918,Not Disclosed
60626,Not Disclosed
13147,20-50 Gbps
20694,100-1000Mbps
9785,1-5Gbps
36040,Not Disclosed
37933,Not Disclosed
18612,20-100Mbps
48166,20-50 Gbps
34916,Not Disclosed
34912,100-1000Mbps
48161,Not Disclosed
62193,Not Disclosed
44066,100+ Gbps
40034,1-5Gbps
47562,5-10Gbps
132561,100-1000Mbps
12969,100-1000Mbps
12968,20-50 Gbps
29017,50-100 Gbps
29542,1-5Gbps
29545,1-5Gbps
7091,100-1000Mbps
8100,20-50 Gbps
15469,20-100Mbps
15399,5-10Gbps
15398,Not Disclosed
15463,100-1000Mbps
26773,Not Disclosed
133854,10-20Gbps
26779,5-10Gbps
62947,1-5Gbps
34772,50-100 Gbps
8365,5-10Gbps
34779,50-100 Gbps
3186,100-1000Mbps
28941,1-5Gbps
28760,100-1000Mbps
28761,50-100 Gbps
24432,Not Disclosed
28768,1-5Gbps
22103,100-1000Mbps
263977,20-100Mbps
26347,10-20Gbps
35799,20-100Mbps
201061,100-1000Mbps
21570,5-10Gbps
13703,5-10Gbps
41399,0-20 Mbps
52279,100-1000Mbps
52275,20-100Mbps
35425,1-5Gbps
60362,100-1000Mbps
23854,Not Disclosed
262591,Not Disclosed
57734,0-20 Mbps
57731,Not Disclosed
262599,5-10Gbps
51896,100-1000Mbps
286,500-1000 Gbps
56028,Not Disclosed
4773,50-100 Gbps
38887,100-1000Mbps
52015,10-20Gbps
38883,5-10Gbps
38880,20-50 Gbps
25108,20-100Mbps
36217,1-5Gbps
25459,5-10Gbps
262620,100-1000Mbps
262623,100-1000Mbps
200886,100-1000Mbps
24851,1-5Gbps
24852,10-20Gbps
42040,Not Disclosed
49024,1-5Gbps
49025,Not Disclosed
42596,10-20Gbps
2470,100-1000Mbps
47727,1-5Gbps
203752,1-5Gbps
57193,1-5Gbps
39939,10-20Gbps
201939,1-5Gbps
262206,50-100 Gbps
39931,100-1000Mbps
16866,Not Disclosed
200086,20-100Mbps
196881,Not Disclosed
10133,5-10Gbps
59842,1-5Gbps
204254,100-1000Mbps
63450,100-1000Mbps
40999,100-1000Mbps
9318,500-1000 Gbps
10423,10-20Gbps
29222,5-10Gbps
9313,100-1000Mbps
29226,5-10Gbps
8954,1-5Gbps
49689,100-1000Mbps
8950,100-1000Mbps
37035,5-10Gbps
49685,10-20Gbps
6539,Not Disclosed
40193,1-5Gbps
40191,5-10Gbps
198334,20-100Mbps
41644,0-20 Mbps
3215,100+ Gbps
3216,1 Tbps+
1982,100-1000Mbps
132917,20-100Mbps
3212,20-50 Gbps
3213,10-20Gbps
132918,100-1000Mbps
132919,Not Disclosed
49974,1-5Gbps
41029,20-100Mbps
44306,Not Disclosed
29488,Not Disclosed
29958,20-100Mbps
29485,5-10Gbps
2818,20-50 Gbps
29951,100+ Gbps
18282,1-5Gbps
18283,Not Disclosed
24226,Not Disclosed
24220,20-100Mbps
28573,500-1000 Gbps
28571,5-10Gbps
197731,20-100Mbps
58464,Not Disclosed
30261,100-1000Mbps
34218,10-20Gbps
33796,5-10Gbps
197736,Not Disclosed
39904,100-1000Mbps
263508,100-1000Mbps
31680,20-100Mbps
39905,1-5Gbps
31688,1-5Gbps
31133,1 Tbps+
5521,1-5Gbps
28685,20-50 Gbps
18134,1-5Gbps
18135,1-5Gbps
201962,100-1000Mbps
42,1-5Gbps
38224,5-10Gbps
30081,Not Disclosed
263265,100-1000Mbps
132003,0-20 Mbps
262369,100-1000Mbps
23628,1-5Gbps
23629,1-5Gbps
23627,1-5Gbps
23624,1-5Gbps
23620,100+ Gbps
61776,100-1000Mbps
30880,100-1000Mbps
30889,5-10Gbps
25933,Not Disclosed
27281,5-10Gbps
16839,100-1000Mbps
7511,1-5Gbps
39104,1-5Gbps
39102,20-50 Gbps
32653,100-1000Mbps
42459,10-20Gbps
61194,Not Disclosed
55900,10-20Gbps
42455,Not Disclosed
42456,10-20Gbps
10967,Not Disclosed
25668,10-20Gbps
60822,100-1000Mbps
21101,100-1000Mbps
46484,1-5Gbps
46489,Not Disclosed
61998,5-10Gbps
26156,100-1000Mbps
25593,1-5Gbps
25596,10-20Gbps
43500,20-50 Gbps
46261,Not Disclosed
42909,Not Disclosed
49766,100-1000Mbps
19016,5-10Gbps
38437,Not Disclosed
2044,Not Disclosed
2042,Not Disclosed
45680,100-1000Mbps
4818,50-100 Gbps
9416,50-100 Gbps
53022,100-1000Mbps
10631,Not Disclosed
11948,100-1000Mbps
58678,10-20Gbps
197696,100-1000Mbps
18450,20-50 Gbps
33472,20-100Mbps
197692,20-100Mbps
62469,1-5Gbps
52736,100-1000Mbps
52732,1-5Gbps
28792,1-5Gbps
62642,Not Disclosed
33211,Not Disclosed
48417,1-5Gbps
50168,100-1000Mbps
10094,Not Disclosed
10099,100+ Gbps
10098,1-5Gbps
198545,1-5Gbps
264173,100-1000Mbps
12941,100-1000Mbps
59102,20-100Mbps
13188,100+ Gbps
29562,Not Disclosed
20653,Not Disclosed
14390,Not Disclosed
18638,Not Disclosed
15447,Not Disclosed
30746,100-1000Mbps
8167,Not Disclosed
30740,1-5Gbps
15440,1-5Gbps
39351,1-5Gbps
26710,Not Disclosed
61349,Not Disclosed
34790,Not Disclosed
40413,100-1000Mbps
199837,100-1000Mbps
63863,1-5Gbps
262828,100-1000Mbps
28219,1-5Gbps
28216,100-1000Mbps
28747,1-5Gbps
28212,100-1000Mbps
23292,100-1000Mbps
28210,20-50 Gbps
13720,5-10Gbps
13722,100-1000Mbps
13727,5-10Gbps
11377,5-10Gbps
40511,10-20Gbps
27647,50-100 Gbps
55028,Not Disclosed
19148,Not Disclosed
32536,20-100Mbps
56229,100-1000Mbps
56595,5-10Gbps
52251,1-5Gbps
43190,100-1000Mbps
43198,100-1000Mbps
56049,5-10Gbps
36236,20-50 Gbps
25433,20-100Mbps
43996,Not Disclosed
25124,100-1000Mbps
46015,Not Disclosed
49432,5-10Gbps
7850,5-10Gbps
39912,10-20Gbps
39915,Not Disclosed
61832,20-50 Gbps
263416,100-1000Mbps
6368,1-5Gbps
12130,Not Disclosed
6366,100-1000Mbps
53610,Not Disclosed
199558,20-100Mbps
9336,100-1000Mbps
53340,20-50 Gbps
36944,5-10Gbps
36947,20-50 Gbps
36943,100-1000Mbps
53349,100-1000Mbps
9622,0-20 Mbps
9621,100-1000Mbps
9297,100-1000Mbps
37549,Not Disclosed
33047,Not Disclosed
14891,Not Disclosed
48310,Not Disclosed
48315,5-10Gbps
62874,5-10Gbps
39767,Not Disclosed
23883,20-100Mbps
49405,100-1000Mbps
3238,1-5Gbps
132931,1-5Gbps
132933,1-5Gbps
59827,Not Disclosed
198203,5-10Gbps
133229,100-200 Gbps
197061,20-100Mbps
3356,1 Tbps+
45896,100+ Gbps
34899,Not Disclosed
30539,1-5Gbps
31115,1-5Gbps
18150,1-5Gbps
132245,5-10Gbps
5503,10-20Gbps
132240,Not Disclosed
12926,Not Disclosed
549,10-20Gbps
262343,1-5Gbps
48943,5-10Gbps
51446,Not Disclosed
51440,5-10Gbps
15054,20-50 Gbps
61752,100-1000Mbps
59318,5-10Gbps
6561,Not Disclosed
201222,Not Disclosed
29606,Not Disclosed
29605,100-1000Mbps
7682,100-1000Mbps
58307,100-1000Mbps
29608,100-1000Mbps
23465,Not Disclosed
23467,Not Disclosed
8445,Not Disclosed
8447,50-100 Gbps
8442,Not Disclosed
8448,5-10Gbps
53409,5-10Gbps
35320,200-300 Gbps
5009,10-20Gbps
55923,Not Disclosed
16128,100-1000Mbps
19607,1-5Gbps
32678,5-10Gbps
16652,100-1000Mbps
7908,1-5Gbps
52936,Not Disclosed
52937,100-1000Mbps
52935,100-1000Mbps
52930,100-1000Mbps
25605,Not Disclosed
24608,Not Disclosed
60804,100-1000Mbps
24958,1-5Gbps
24955,Not Disclosed
24951,Not Disclosed
24953,1-5Gbps
38987,Not Disclosed
22730,100-1000Mbps
2200,50-100 Gbps
199036,0-20 Mbps
31800,100-1000Mbps
196925,20-50 Gbps
196922,20-50 Gbps
200163,100-1000Mbps
21385,20-50 Gbps
41960,1-5Gbps
199789,1-5Gbps
4837,100+ Gbps
7992,10-20Gbps
9433,100-1000Mbps
62402,1-5Gbps
33182,10-20Gbps
13184,200-300 Gbps
60666,Not Disclosed
52752,20-50 Gbps
52751,100-1000Mbps
17746,Not Disclosed
13189,Not Disclosed
27970,Not Disclosed
198781,Not Disclosed
42927,10-20Gbps
22689,10-20Gbps
62929,100-1000Mbps
42929,100-1000Mbps
20388,1-5Gbps
20473,100+ Gbps
34953,1-5Gbps
9293,100-1000Mbps
9290,Not Disclosed
7332,1-5Gbps
39764,100-1000Mbps
9299,300-500 Gbps
15600,50-100 Gbps
15605,1-5Gbps
264409,300-500 Gbps
53404,Not Disclosed
10219,10-20Gbps
63311,Not Disclosed
263757,100-1000Mbps
7057,10-20Gbps
33986,100-1000Mbps
37204,1-5Gbps
33988,1-5Gbps
24730,10-20Gbps
15933,Not Disclosed
8148,10-20Gbps
15935,5-10Gbps
6994,1-5Gbps
34407,Not Disclosed
8632,10-20Gbps
39373,100-1000Mbps
40788,50-100 Gbps
24381,Not Disclosed
59,50-100 Gbps
50272,100-1000Mbps
57,50-100 Gbps
46945,Not Disclosed
47836,Not Disclosed
9999,Not Disclosed
50189,100-1000Mbps
9993,5-10Gbps
9997,100-1000Mbps
11030,1-5Gbps
28233,100-1000Mbps
25003,1-5Gbps
28238,100-1000Mbps
28239,Not Disclosed
11038,20-100Mbps
11039,1-5Gbps
262808,5-10Gbps
262809,100-1000Mbps
394501,20-100Mbps
262802,100-1000Mbps
21339,100-1000Mbps
262805,100-1000Mbps
262807,1-5Gbps
21013,5-10Gbps
50989,5-10Gbps
43205,50-100 Gbps
50986,5-10Gbps
51055,100-1000Mbps
51050,1-5Gbps
51058,0-20 Mbps
19169,20-50 Gbps
51580,1-5Gbps
393233,Not Disclosed
23674,5-10Gbps
51634,Not Disclosed
19297,Not Disclosed
23816,Not Disclosed
25415,Not Disclosed
25145,Not Disclosed
25148,10-20Gbps
60497,Not Disclosed
262664,5-10Gbps
262667,20-100Mbps
262660,20-100Mbps
262669,1-5Gbps
42005,100-1000Mbps
42004,100-1000Mbps
42000,20-50 Gbps
52233,1-5Gbps
56203,100-1000Mbps
56209,5-10Gbps
6695,1 Tbps+
27877,1-5Gbps
53184,100-1000Mbps
53187,1-5Gbps
30848,1-5Gbps
19835,Not Disclosed
16353,Not Disclosed
12110,20-100Mbps
12111,100-1000Mbps
61816,100-1000Mbps
9600,Not Disclosed
9351,5-10Gbps
9605,Not Disclosed
9355,Not Disclosed
9354,50-100 Gbps
53364,Not Disclosed
21246,20-50 Gbps
3786,Not Disclosed
8997,300-500 Gbps
45528,Not Disclosed
41201,Not Disclosed
48335,1-5Gbps
44123,1-5Gbps
133023,100-1000Mbps
37692,20-50 Gbps
37693,20-50 Gbps
37697,100-1000Mbps
14076,20-100Mbps
264360,1-5Gbps
3250,Not Disclosed
3252,20-50 Gbps
3255,200-300 Gbps
3257,1 Tbps+
13243,1-5Gbps
13246,100-1000Mbps
13249,100+ Gbps
263536,100-1000Mbps
202198,100-1000Mbps
2851,5-10Gbps
2852,5-10Gbps
202194,1-5Gbps
2854,50-100 Gbps
2857,1-5Gbps
2856,1 Tbps+
3333,100-1000Mbps
3331,5-10Gbps
5462,20-50 Gbps
5464,100-1000Mbps
5467,100-1000Mbps
5466,100+ Gbps
54327,Not Disclosed
30517,10-20Gbps
20093,5-10Gbps
132268,Not Disclosed
132267,20-50 Gbps
196689,1-5Gbps
40335,1-5Gbps
263324,5-10Gbps
263328,100-1000Mbps
132045,Not Disclosed
23661,1-5Gbps
47316,1-5Gbps
23669,Not Disclosed
132048,100-1000Mbps
1239,Not Disclosed
48920,100-1000Mbps
8282,10-20Gbps
8283,100-1000Mbps
27715,20-50 Gbps
8289,100-1000Mbps
6509,Not Disclosed
25975,100-1000Mbps
25976,100-1000Mbps
59370,1-5Gbps
6507,100+ Gbps
34624,1-5Gbps
8452,100+ Gbps
32479,1-5Gbps
262493,1-5Gbps
23487,Not Disclosed
8462,5-10Gbps
34610,5-10Gbps
8468,10-20Gbps
8469,Not Disclosed
39145,100-1000Mbps
35699,Not Disclosed
24592,1-5Gbps
7552,100+ Gbps
50047,Not Disclosed
50043,20-100Mbps
19165,20-50 Gbps
51933,20-100Mbps
32613,Not Disclosed
32614,Not Disclosed
52919,100-1000Mbps
60868,Not Disclosed
46199,Not Disclosed
24973,1-5Gbps
24971,20-50 Gbps
3064,1-5Gbps
46195,20-100Mbps
22759,20-50 Gbps
58597,Not Disclosed
22750,Not Disclosed
43541,5-10Gbps
43545,100-1000Mbps
26193,Not Disclosed
1,Not Disclosed
33916,20-100Mbps
201506,100-1000Mbps
201505,Not Disclosed
17506,Not Disclosed
17501,100-1000Mbps
20312,20-100Mbps
4508,100-1000Mbps
25081,100-1000Mbps
25083,Not Disclosed
52669,1-5Gbps
27955,5-10Gbps
20676,Not Disclosed
52775,1-5Gbps
52777,100-1000Mbps
20679,Not Disclosed
52662,1-5Gbps
60688,Not Disclosed
52660,100-1000Mbps
42760,100-1000Mbps
42949,Not Disclosed
20904,5-10Gbps
134056,1-5Gbps
134053,1-5Gbps
20459,5-10Gbps
41412,Not Disclosed
37892,100-1000Mbps
63086,Not Disclosed
39709,5-10Gbps
39702,1-5Gbps
7311,10-20Gbps
39704,1-5Gbps
198508,20-100Mbps
12306,Not Disclosed
12301,20-50 Gbps
198507,100-1000Mbps
12905,5-10Gbps
15623,20-100Mbps
12902,100-1000Mbps
264426,100-1000Mbps
30162,Not Disclosed
53424,1-5Gbps
24025,Not Disclosed
49854,1-5Gbps
21501,1-5Gbps
21502,300-500 Gbps
24029,20-50 Gbps
24028,1-5Gbps
37223,Not Disclosed
15958,Not Disclosed
30705,100-1000Mbps
7784,1-5Gbps
7782,10-20Gbps
197745,Not Disclosed
262862,100-1000Mbps
28250,5-10Gbps
28707,Not Disclosed
262868,1-5Gbps
14537,Not Disclosed
34427,20-100Mbps
38158,5-10Gbps
8613,100-1000Mbps
8612,50-100 Gbps
17882,20-50 Gbps
32867,Not Disclosed
19108,100+ Gbps
32869,Not Disclosed
5713,10-20Gbps
61656,20-100Mbps
61650,100-1000Mbps
35485,20-100Mbps
28876,1-5Gbps
28877,5-10Gbps
28870,1-5Gbps
23342,5-10Gbps
28878,1-5Gbps
23838,100-1000Mbps
263072,100-1000Mbps
201196,1-5Gbps
43950,Not Disclosed
25160,5-10Gbps
55685,100-1000Mbps
16591,Not Disclosed
262688,1-5Gbps
262684,100-1000Mbps
262680,1-5Gbps
262681,1-5Gbps
42579,Not Disclosed
12684,1-5Gbps
21880,Not Disclosed
56260,Not Disclosed
1304,Not Disclosed
57685,1-5Gbps
53169,100-1000Mbps
53166,100-1000Mbps
53165,100-1000Mbps
53163,1-5Gbps
42689,50-100 Gbps
19817,1-5Gbps
16371,5-10Gbps
61871,100-1000Mbps
56089,1-5Gbps
9370,Not Disclosed
57353,100-1000Mbps
53306,Not Disclosed
9374,Not Disclosed
57356,Not Disclosed
49629,100-1000Mbps
49627,Not Disclosed
21267,5-10Gbps
49190,5-10Gbps
21263,5-10Gbps
1828,Not Disclosed
41883,100-1000Mbps
45500,100-1000Mbps
41887,50-100 Gbps
41088,100-1000Mbps
199599,20-50 Gbps
36907,5-10Gbps
199592,5-10Gbps
14237,100-1000Mbps
198249,100-1000Mbps
14232,1-5Gbps
54300,100-1000Mbps
62212,1-5Gbps
62217,1-5Gbps
5483,50-100 Gbps
47480,Not Disclosed
132203,5-10Gbps
18199,Not Disclosed
18196,5-10Gbps
18192,100-1000Mbps
62,Not Disclosed
41628,1-5Gbps
59689,20-100Mbps
59682,Not Disclosed
31042,100+ Gbps
40867,1-5Gbps
263306,100-1000Mbps
29933,10-20Gbps
29422,10-20Gbps
1213,5-10Gbps
262301,100-1000Mbps
15547,10-20Gbps
15544,100-1000Mbps
15542,50-100 Gbps
8265,100-1000Mbps
8262,50-100 Gbps
31625,20-100Mbps
29644,1-5Gbps
55470,100-1000Mbps
8400,100+ Gbps
8401,Not Disclosed
8402,500-1000 Gbps
8403,Not Disclosed
8404,Not Disclosed
50534,500-1000 Gbps
7575,50-100 Gbps
7578,1-5Gbps
33302,Not Disclosed
35819,20-50 Gbps
55219,Not Disclosed
61468,1-5Gbps
52977,1-5Gbps
14939,20-100Mbps
22512,100-1000Mbps
4150,1-5Gbps
15435,20-50 Gbps
201341,5-10Gbps
201690,100-1000Mbps
24642,1-5Gbps
22773,100+ Gbps
22772,1-5Gbps
38948,Not Disclosed
43561,20-50 Gbps
16160,Not Disclosed
16162,Not Disclosed
32632,10-20Gbps
16168,1-5Gbps
19318,5-10Gbps
17561,1-5Gbps
38496,1-5Gbps
196965,1-5Gbps
196967,100-1000Mbps
13412,100-1000Mbps
4565,Not Disclosed
24916,5-10Gbps
20612,0-20 Mbps
52795,100-1000Mbps
62915,1-5Gbps
6066,0-20 Mbps
6067,1-5Gbps
200129,1-5Gbps
2607,1-5Gbps
20928,Not Disclosed
2602,100-1000Mbps
134078,100-1000Mbps
45774,1-5Gbps
20920,100-1000Mbps
2609,50-100 Gbps
41435,5-10Gbps
20923,100-1000Mbps
39721,100-1000Mbps
10030,20-50 Gbps
37564,Not Disclosed
33419,Not Disclosed
12327,5-10Gbps
54829,50-100 Gbps
12329,1-5Gbps
54825,1 Tbps+
11924,Not Disclosed
54537,Not Disclosed
59162,1-5Gbps
59164,Not Disclosed
9033,300-500 Gbps
9031,Not Disclosed
9036,1-5Gbps
7018,Not Disclosed
53441,Not Disclosed
10255,0-20 Mbps
24006,Not Disclosed
24005,Not Disclosed
29897,Not Disclosed
32764,0-20 Mbps
50234,20-100Mbps
47872,100+ Gbps
197764,100-1000Mbps
264447,100-1000Mbps
40473,1-5Gbps
40475,1-5Gbps
28279,1-5Gbps
14558,10-20Gbps
262848,1-5Gbps
262849,20-50 Gbps
28271,5-10Gbps
11071,5-10Gbps
28275,100-1000Mbps
28277,100-1000Mbps
34442,10-20Gbps
8677,1-5Gbps
8676,Not Disclosed
8674,100-1000Mbps
35719,1-5Gbps
31451,0-20 Mbps
35717,20-50 Gbps
31458,1-5Gbps
47297,1-5Gbps
5738,1-5Gbps
201755,100-1000Mbps
51018,10-20Gbps
27693,10-20Gbps
132435,Not Disclosed
60983,20-100Mbps
28859,100-1000Mbps
262516,20-100Mbps
28855,100-1000Mbps
28851,1-5Gbps
8092,100-1000Mbps
133982,Not Disclosed
12528,20-100Mbps
28300,1 Tbps+
19782,20-50 Gbps
6659,5-10Gbps
6656,1-5Gbps
6653,Not Disclosed
10808,100-1000Mbps
52892,1-5Gbps
52896,100-1000Mbps
57119,5-10Gbps
57118,0-20 Mbps
16318,20-100Mbps
21069,0-20 Mbps
19873,100-1000Mbps
16316,100-1000Mbps
19875,1-5Gbps
52094,Not Disclosed
2381,100+ Gbps
26253,1-5Gbps
49604,1-5Gbps
49605,1-5Gbps
263405,100-1000Mbps
21202,5-10Gbps
37525,Not Disclosed
37527,100-1000Mbps
204125,0-20 Mbps
53144,5-10Gbps
53145,100-1000Mbps
53140,100-1000Mbps
53142,1-5Gbps
53143,1-5Gbps
49463,100-1000Mbps
4540,Not Disclosed
52637,10-20Gbps
62588,100-1000Mbps
52638,100-1000Mbps
3292,1 Tbps+
36388,5-10Gbps
33353,Not Disclosed
14960,0-20 Mbps
18209,50-100 Gbps
18206,1-5Gbps
33604,5-10Gbps
33606,1-5Gbps
18200,5-10Gbps
12452,5-10Gbps
20555,0-20 Mbps
38726,20-50 Gbps
34879,100+ Gbps
34878,1-5Gbps
44160,1-5Gbps
132882,100-1000Mbps
132228,0-20 Mbps
12540,1-5Gbps
15782,Not Disclosed
6894,1-5Gbps
6898,20-100Mbps
41601,Not Disclosed
29404,5-10Gbps
29405,20-50 Gbps
57809,100-1000Mbps
263671,100-1000Mbps
262989,5-10Gbps
262988,1-5Gbps
47608,10-20Gbps
262983,1-5Gbps
1273,1 Tbps+
132087,20-100Mbps
44345,20-100Mbps
8246,10-20Gbps
34384,Not Disclosed
15562,Not Disclosed
8245,5-10Gbps
54329,1-5Gbps
263587,1-5Gbps
263584,1-5Gbps
263585,100-1000Mbps
29668,Not Disclosed
263589,100-1000Mbps
39451,1-5Gbps
8426,20-50 Gbps
34655,50-100 Gbps
8422,100-200 Gbps
34123,50-100 Gbps
9121,Not Disclosed
34659,100-1000Mbps
39184,10-20Gbps
39180,5-10Gbps
131755,100-1000Mbps
35833,Not Disclosed
35834,100-1000Mbps
7598,Not Disclosed
133937,20-100Mbps
133936,20-100Mbps
7595,100-1000Mbps
7594,Not Disclosed
133932,Not Disclosed
9834,5-10Gbps
23114,5-10Gbps
61449,1-5Gbps
62239,Not Disclosed
263853,100-1000Mbps
38858,100-1000Mbps
4134,1 Tbps+
4136,Not Disclosed
5692,100-1000Mbps
28132,Not Disclosed
5690,10-20Gbps
28130,1-5Gbps
55452,Not Disclosed
262189,100-1000Mbps
28138,100-1000Mbps
22799,Not Disclosed
38924,1-5Gbps
31863,20-50 Gbps
35223,100-1000Mbps
51752,100-1000Mbps
51754,100-1000Mbps
51205,1-5Gbps
19662,100-1000Mbps
17547,1-5Gbps
60532,Not Disclosed
262724,Not Disclosed
262727,100-1000Mbps
262726,1-5Gbps
262721,500-1000 Gbps
262720,100-1000Mbps
262729,1-5Gbps
11691,1-5Gbps
46156,Not Disclosed
24933,Not Disclosed
24931,1-5Gbps
2595,20-100Mbps
2597,0-20 Mbps
2593,100-1000Mbps
45177,10-20Gbps
20632,5-10Gbps
20633,1-5Gbps
20634,5-10Gbps
25229,100-200 Gbps
25220,100-1000Mbps
198721,100-1000Mbps
198726,1-5Gbps
42239,5-10Gbps
42727,100-1000Mbps
20940,1 Tbps+
45711,5-10Gbps
9583,50-100 Gbps
10019,1-5Gbps
7352,1-5Gbps
9584,Not Disclosed
10013,Not Disclosed
10010,1-5Gbps
9231,Not Disclosed
10015,100-1000Mbps
198093,100-1000Mbps
198095,1-5Gbps
12348,1-5Gbps
62972,Not Disclosed
12345,200-300 Gbps
12347,Not Disclosed
9050,300-500 Gbps
37268,Not Disclosed
49813,20-50 Gbps
20495,5-10Gbps
26790,1-5Gbps
26792,Not Disclosed
29877,100-1000Mbps
29876,20-100Mbps
29870,1-5Gbps
327849,1-5Gbps
24321,1-5Gbps
47856,1-5Gbps
31290,5-10Gbps
4306,1-5Gbps
40495,100-1000Mbps
263442,100-1000Mbps
11051,1-5Gbps
33835,100-1000Mbps
54113,1 Tbps+
14576,10-20Gbps
24492,1-5Gbps
54119,1-5Gbps
62023,Not Disclosed
3128,20-50 Gbps
62020,Not Disclosed
8657,Not Disclosed
15992,Not Disclosed
50968,1-5Gbps
31474,100-1000Mbps
31477,1-5Gbps
31472,1-5Gbps
132410,Not Disclosed
51561,Not Disclosed
132142,1-5Gbps
197377,100-1000Mbps
15191,100-1000Mbps
25818,0-20 Mbps
262539,100-1000Mbps
47143,20-50 Gbps
12502,0-20 Mbps
15224,Not Disclosed
16552,Not Disclosed
16559,1-5Gbps
6677,Not Disclosed
4704,Not Disclosed
16082,100-1000Mbps
16080,Not Disclosed
16086,100+ Gbps
56515,1-5Gbps
56511,100-1000Mbps
50618,10-20Gbps
21040,5-10Gbps
48925,20-100Mbps
4355,5-10Gbps
27865,20-100Mbps
43911,Not Disclosed
21221,Not Disclosed
21225,100-1000Mbps
17686,Not Disclosed
17685,5-10Gbps
17682,Not Disclosed
13594,0-20 Mbps
13591,Not Disclosed
41847,10-20Gbps
45543,20-50 Gbps
53122,1-5Gbps
57172,100-200 Gbps
53125,100-1000Mbps
11739,100-1000Mbps
5111,Not Disclosed
49489,20-100Mbps
58119,Not Disclosed
52613,Not Disclosed
52610,5-10Gbps
17069,1-5Gbps
20799,100-1000Mbps
60700,20-100Mbps
53698,1-5Gbps
10481,300-500 Gbps
36416,100-1000Mbps
54611,Not Disclosed
33626,Not Disclosed
14907,50-100 Gbps
48283,0-20 Mbps
62708,20-100Mbps
48539,1-5Gbps
48285,Not Disclosed
48284,Not Disclosed
45816,10-20Gbps
16265,1 Tbps+
133043,100-1000Mbps
44141,100-1000Mbps
133736,100-1000Mbps
44146,100-1000Mbps
1784,1-5Gbps
1785,20-50 Gbps
15766,100-1000Mbps
6876,Not Disclosed
41666,20-100Mbps
15763,5-10Gbps
6871,300-500 Gbps
196621,20-100Mbps
263612,5-10Gbps
58291,100-1000Mbps
57821,0-20 Mbps
40823,5-10Gbps
263617,100-1000Mbps
33763,5-10Gbps
29468,100-1000Mbps
18227,500-1000 Gbps
18221,100-1000Mbps
198288,100-1000Mbps
262492,100-1000Mbps
198287,20-100Mbps
18229,Not Disclosed
8220,200-300 Gbps
8222,100-1000Mbps
30827,Not Disclosed
8224,1-5Gbps
8226,100-1000Mbps
30823,5-10Gbps
59469,10-20Gbps
39470,Not Disclosed
39473,100-1000Mbps
15502,Not Disclosed
59395,100-1000Mbps
31661,10-20Gbps
31662,100-1000Mbps
29686,10-20Gbps
31668,20-100Mbps
7604,Not Disclosed
7602,20-50 Gbps
29680,100-1000Mbps
7600,1-5Gbps
37105,100-1000Mbps
37100,Not Disclosed
47443,Not Disclosed
37062,0-20 Mbps
199660,100-1000Mbps
34106,1-5Gbps
34109,1-5Gbps
34108,1-5Gbps
60294,10-20Gbps
44858,100-1000Mbps
50572,Not Disclosed
50575,1-5Gbps
1257,200-300 Gbps
47622,5-10Gbps
23171,100-1000Mbps
28338,5-10Gbps
1251,1-5Gbps
47628,1-5Gbps
28330,100-1000Mbps
54652,5-10Gbps
30236,Not Disclosed
22556,5-10Gbps
22222,0-20 Mbps
31084,Not Disclosed
28158,5-10Gbps
28153,1-5Gbps
28152,100-1000Mbps
28155,1-5Gbps
24594,100-1000Mbps
2108,5-10Gbps
61138,5-10Gbps
51224,Not Disclosed
45910,1-5Gbps
56704,Not Disclosed
10733,1-5Gbps
25795,1-5Gbps
262704,100-1000Mbps
262700,100-1000Mbps
46177,Not Disclosed
45482,0-20 Mbps
45483,100-1000Mbps
36089,Not Disclosed
201873,20-100Mbps
201877,1-5Gbps
36086,Not Disclosed
46281,50-100 Gbps
42707,1-5Gbps
42708,100+ Gbps
52420,100-1000Mbps
10075,Not Disclosed
36889,20-100Mbps
2647,1-5Gbps
9211,1-5Gbps
12362,0-20 Mbps
12360,100-1000Mbps
33108,300-500 Gbps
62955,20-50 Gbps
133385,10-20Gbps
9070,50-100 Gbps
10297,10-20Gbps
133389,100-1000Mbps
49835,Not Disclosed
63399,Not Disclosed
49349,Not Disclosed
20960,Not Disclosed
20963,Not Disclosed
20965,300-500 Gbps
20969,1-5Gbps
41471,1-5Gbps
327822,20-100Mbps
202212,100-1000Mbps
2914,Not Disclosed
2915,1-5Gbps
327824,20-100Mbps
327825,20-100Mbps
714,Not Disclosed
40700,100-1000Mbps
24309,50-100 Gbps
58704,1-5Gbps
58708,10-20Gbps
263421,100-1000Mbps
4323,Not Disclosed
31270,Not Disclosed
18070,Not Disclosed
14595,100-1000Mbps
33811,100-1000Mbps
18077,Not Disclosed
62044,Not Disclosed
132167,10-20Gbps
23541,100-1000Mbps
29141,1-5Gbps
29140,Not Disclosed
34505,100-1000Mbps
47169,5-10Gbps
15248,0-20 Mbps
15247,1-5Gbps
12566,Not Disclosed
35975,1-5Gbps
50903,100-1000Mbps
40253,0-20 Mbps
7415,Not Disclosed
16532,5-10Gbps
16531,20-100Mbps
12622,100-1000Mbps
12620,1-5Gbps
6614,10-20Gbps
6619,100-1000Mbps
52858,100-1000Mbps
10848,1-5Gbps
52851,100-1000Mbps
52850,100-1000Mbps
63949,50-100 Gbps
19528,1-5Gbps
61898,20-100Mbps
61893,20-100Mbps
22059,Not Disclosed
43939,Not Disclosed
43395,100+ Gbps
46618,5-10Gbps
21976,10-20Gbps
17665,Not Disclosed
43013,Not Disclosed
17666,100-1000Mbps
17660,1-5Gbps
1880,1-5Gbps
2128,Not Disclosed
4666,Not Disclosed
13576,50-100 Gbps
13571,10-20Gbps
13573,100-1000Mbps
393945,1-5Gbps
46047,100-1000Mbps
57629,Not Disclosed
53100,100-1000Mbps
53102,1-5Gbps
43646,100+ Gbps
57151,Not Disclosed
58138,1-5Gbps
197551,20-100Mbps
15344,1-5Gbps
137,20-50 Gbps
20771,50-100 Gbps
20773,50-100 Gbps
36472,Not Disclosed
15725,100-1000Mbps
60764,20-50 Gbps
53813,Not Disclosed
45839,1-5Gbps
45838,Not Disclosed
41393,100-1000Mbps
45831,Not Disclosed
41391,1-5Gbps
20514,1-5Gbps
48514,100-1000Mbps
133717,5-10Gbps
44611,Not Disclosed
36696,Not Disclosed
36692,10-20Gbps
6854,50-100 Gbps
6851,5-10Gbps
6850,1-5Gbps
15743,Not Disclosed
81,Not Disclosed
29449,100-1000Mbps
29444,20-100Mbps
263631,100-1000Mbps
8804,100-1000Mbps
14928,5-10Gbps
6582,1-5Gbps
8758,1-5Gbps
30844,10-20Gbps
34347,1-5Gbps
35028,100-1000Mbps
59919,Not Disclosed
8201,100-1000Mbps
201980,100-1000Mbps
31641,100-1000Mbps
37126,Not Disclosed
34692,100-1000Mbps
34695,1-5Gbps
24278,Not Disclosed
9876,Not Disclosed
9877,Not Disclosed
9872,Not Disclosed
9873,5-10Gbps
24518,1-5Gbps
24514,100-1000Mbps
24516,1-5Gbps
28311,100-1000Mbps
28310,1-5Gbps
37497,100-1000Mbps
28173,5-10Gbps
28171,10-20Gbps
28178,1-5Gbps
38322,Not Disclosed
38321,100-1000Mbps
18734,100-200 Gbps
11524,Not Disclosed
43097,20-50 Gbps
51243,Not Disclosed
43893,Not Disclosed
43890,50-100 Gbps
198930,10-20Gbps
46110,20-100Mbps
7642,Not Disclosed
262761,5-10Gbps
262760,10-20Gbps
262765,1-5Gbps
200983,Not Disclosed
25260,Not Disclosed
199188,100-1000Mbps
16276,1 Tbps+
196983,1-5Gbps
200187,Not Disclosed
56727,20-100Mbps
56723,Not Disclosed
52447,100-1000Mbps
52444,1-5Gbps
39783,Not Disclosed
198589,20-50 Gbps
63005,100+ Gbps
63003,Not Disclosed
12389,1 Tbps+
12388,1-5Gbps
54841,Not Disclosed
12387,100-1000Mbps
12381,Not Disclosed
33125,1-5Gbps
58890,Not Disclosed
45133,Not Disclosed
21277,50-100 Gbps
9092,0-20 Mbps
37519,100-1000Mbps
49360,1-5Gbps
49367,10-20Gbps
42856,0-20 Mbps
21581,Not Disclosed
38527,1-5Gbps
38522,100-1000Mbps
17498,1-5Gbps
20984,100-1000Mbps
20985,1-5Gbps
18588,1-5Gbps
14609,20-100Mbps
14602,1-5Gbps
33781,100-1000Mbps
13039,Not Disclosed
13036,Not Disclosed
13037,20-50 Gbps
13030,Not Disclosed
11096,Not Disclosed
18052,0-20 Mbps
18059,Not Disclosed
28788,100-1000Mbps
17806,10-20Gbps
17809,20-50 Gbps
33873,Not Disclosed
24538,1-5Gbps
54154,5-10Gbps
30781,Not Disclosed
30784,10-20Gbps
29834,Not Disclosed
29838,20-50 Gbps
23520,50-100 Gbps
29266,10-20Gbps
27630,5-10Gbps
31255,100-1000Mbps
31257,20-50 Gbps
31251,Not Disclosed
31252,50-100 Gbps
29169,1-5Gbps
262575,100-1000Mbps
15267,1-5Gbps
15266,100-1000Mbps
8565,100-1000Mbps
12810,5-10Gbps
8560,100+ Gbps
34578,100-1000Mbps
39205,Not Disclosed
39202,1-5Gbps
31432,100-1000Mbps
50387,1-5Gbps
50384,500-1000 Gbps
50926,Not Disclosed
7473,Not Disclosed
50923,50-100 Gbps
7475,5-10Gbps
7477,1-5Gbps
55352,5-10Gbps
55350,100-1000Mbps
11172,50-100 Gbps
32204,1-5Gbps
19092,Not Disclosed
22691,100-1000Mbps
262964,100-1000Mbps
12605,20-50 Gbps
6667,100+ Gbps
56550,1-5Gbps
52877,100-1000Mbps
60969,Not Disclosed
24724,200-300 Gbps
201791,Not Disclosed
50655,100-1000Mbps
61215,Not Disclosed
61211,100-1000Mbps
22071,1-5Gbps
327783,Not Disclosed
327782,Not Disclosed
327781,100-1000Mbps
43407,1-5Gbps
327788,5-10Gbps
26531,Not Disclosed
197913,100-1000Mbps
21911,5-10Gbps
52389,100-1000Mbps
393965,Not Disclosed
52380,100-1000Mbps
17645,Not Disclosed
2499,20-100Mbps
4648,50-100 Gbps
4641,Not Disclosed
2495,10-20Gbps
2497,Not Disclosed
63920,10-20Gbps
63922,Not Disclosed
7896,5-10Gbps
62523,1-5Gbps
52650,1-5Gbps
60032,Not Disclosed
60033,100-200 Gbps
64044,Not Disclosed
20751,1-5Gbps
36459,Not Disclosed
53837,100-1000Mbps
36324,1-5Gbps
53389,20-100Mbps
46632,Not Disclosed
262560,100-1000Mbps
45671,1-5Gbps
6830,1 Tbps+
59605,Not Disclosed
6834,Not Disclosed
41113,Not Disclosed
57866,1-5Gbps
57864,5-10Gbps
63212,Not Disclosed
18268,1-5Gbps
8823,1-5Gbps
8820,Not Disclosed
8821,10-20Gbps
18260,0-20 Mbps
18915,100-1000Mbps
264130,Not Disclosed
37492,Not Disclosed
54380,Not Disclosed
8778,10-20Gbps
34362,1-5Gbps
15092,Not Disclosed
30640,1-5Gbps
15095,Not Disclosed
15096,Not Disclosed
264425,100-1000Mbps
39439,Not Disclosed
264427,20-100Mbps
44099,10-20Gbps
47408,100-1000Mbps
1741,5-10Gbps
47407,100-1000Mbps
202023,100-1000Mbps
7922,1 Tbps+
14413,Not Disclosed
28370,100-1000Mbps
11170,Not Disclosed
39869,5-10Gbps
58511,Not Disclosed
11179,5-10Gbps
24535,100-1000Mbps
1299,1 Tbps+
1290,Not Disclosed
263212,1-5Gbps
35090,Not Disclosed
13826,1-5Gbps
13825,10-20Gbps
197219,0-20 Mbps
28198,1-5Gbps
28196,Not Disclosed
28191,1-5Gbps
5631,20-100Mbps
197216,5-10Gbps
28192,Not Disclosed
8481,20-100Mbps
34144,Not Disclosed
34141,1-5Gbps
8487,1-5Gbps
8489,20-100Mbps
